,Group_Letter_Code,No,Commodity,Food product,Land use change,Animal Feed,Farm,Processing,Transport,Packging,Retail,SumGHG
0,FI,-,AbricÃ³-da-praia,Other Fruit,0.1,0.0,0.4,0.0,0.2,0.0,0.0,0.7
1,FI,-,Abyssinian gooseberry,Other Fruit,0.1,0.0,0.4,0.0,0.2,0.0,0.0,0.7
2,FT,-,"Acerola, see Barbados cherry",Other Fruit,0.1,0.0,0.4,0.0,0.2,0.0,0.0,0.7
3,FI,-,"Achiote, see Annatto",Other Fruit,0.1,0.0,0.4,0.0,0.2,0.0,0.0,0.7
4,FT,-,African plum,Other Fruit,0.1,0.0,0.4,0.0,0.2,0.0,0.0,0.7
5,FT,-,Aisen,Other Fruit,0.1,0.0,0.4,0.0,0.2,0.0,0.0,0.7
6,FI,325,Akee apple,Other Fruit,0.1,0.0,0.4,0.0,0.2,0.0,0.0,0.7
7,FT,-,Almondette,Other Fruit,0.1,0.0,0.4,0.0,0.2,0.0,0.0,0.7
8,FT,285,Ambarella,Other Fruit,0.1,0.0,0.4,0.0,0.2,0.0,0.0,0.7
9,FI,324,Annatto,Other Fruit,0.1,0.0,0.4,0.0,0.2,0.0,0.0,0.7
10,FT,-,"Aonla, see Otaheite gooseberry",Other Fruit,0.1,0.0,0.4,0.0,0.2,0.0,0.0,0.7
11,FP,226,Apple,Other Fruit,0.1,0.0,0.4,0.0,0.2,0.0,0.0,0.7
12,JF,226,Apple juice,Other Fruit,0.1,0.0,0.4,0.0,0.2,0.0,0.0,0.7
13,DF,226,"Apples, dried",Other Fruit,0.1,0.0,0.4,0.0,0.2,0.0,0.0,0.7
14,DF,240,"Apricots, dried",Other Fruit,0.1,0.0,0.4,0.0,0.2,0.0,0.0,0.7
15,FT,-,AraÃ§Ã¡-boi,Other Fruit,0.1,0.0,0.4,0.0,0.2,0.0,0.0,0.7
16,FI,-,Araticum,Other Fruit,0.1,0.0,0.4,0.0,0.2,0.0,0.0,0.7
17,FT,286,Arbutus berry,Other Fruit,0.1,0.0,0.4,0.0,0.2,0.0,0.0,0.7
18,FT,-,Bignay,Other Fruit,0.1,0.0,0.4,0.0,0.2,0.0,0.0,0.7
19,FT,288,Bilimbi,Other Fruit,0.1,0.0,0.4,0.0,0.2,0.0,0.0,0.7
20,FI,-,Binjai,Other Fruit,0.1,0.0,0.4,0.0,0.2,0.0,0.0,0.7
21,FI,-,Biribi,Other Fruit,0.1,0.0,0.4,0.0,0.2,0.0,0.0,0.7
22,JF,1140,Black currant juice,Other Fruit,0.1,0.0,0.4,0.0,0.2,0.0,0.0,0.7
23,FT,-,"Brazilian cherry, see Grumichana",Other Fruit,0.1,0.0,0.4,0.0,0.2,0.0,0.0,0.7
24,FI,329,Breadfruit,Other Fruit,0.1,0.0,0.4,0.0,0.2,0.0,0.0,0.7
25,FT,-,Burmese grape,Other Fruit,0.1,0.0,0.4,0.0,0.2,0.0,0.0,0.7
26,FT,292,Cashew apple,Other Fruit,0.1,0.0,0.4,0.0,0.2,0.0,0.0,0.7
27,JF,-,"Cassis, see Black Currant juice",Other Fruit,0.1,0.0,0.4,0.0,0.2,0.0,0.0,0.7
28,FI,-,Catâ€™s eyes,Other Fruit,0.1,0.0,0.4,0.0,0.2,0.0,0.0,0.7
29,FT,-,Cattley guava,Other Fruit,0.1,0.0,0.4,0.0,0.2,0.0,0.0,0.7
30,FI,-,Champedak,Other Fruit,0.1,0.0,0.4,0.0,0.2,0.0,0.0,0.7
31,FT,331,Cherimoya,Other Fruit,0.1,0.0,0.4,0.0,0.2,0.0,0.0,0.7
32,FT,-,Cherry of the Rio Grande,Other Fruit,0.1,0.0,0.4,0.0,0.2,0.0,0.0,0.7
33,FI,-,"Chinese gooseberry, see Kiwifruit",Other Fruit,0.1,0.0,0.4,0.0,0.2,0.0,0.0,0.7
34,FT,293,"Chinese olive, Black, White",Other Fruit,0.1,0.0,0.4,0.0,0.2,0.0,0.0,0.7
35,FI,-,"Chinese persimmon, see Subgroup 0005 Persimmon, Japanese",Other Fruit,0.1,0.0,0.4,0.0,0.2,0.0,0.0,0.7
36,FT,-,Chiraulinut,Other Fruit,0.1,0.0,0.4,0.0,0.2,0.0,0.0,0.7
37,FP,227,Crab-apple,Other Fruit,0.1,0.0,0.4,0.0,0.2,0.0,0.0,0.7
38,FT,-,"Craboo, Murici",Other Fruit,0.1,0.0,0.4,0.0,0.2,0.0,0.0,0.7
39,DF,-,Currants,Other Fruit,0.1,0.0,0.4,0.0,0.2,0.0,0.0,0.7
40,FI,-,Curuba,Other Fruit,0.1,0.0,0.4,0.0,0.2,0.0,0.0,0.7
41,FI,-,Curiola,Other Fruit,0.1,0.0,0.4,0.0,0.2,0.0,0.0,0.7
42,FI,332,Custard apple,Other Fruit,0.1,0.0,0.4,0.0,0.2,0.0,0.0,0.7
43,FT,295,Date,Other Fruit,0.1,0.0,0.4,0.0,0.2,0.0,0.0,0.7
44,DF,295,"Dates, dried or dried and candied",Other Fruit,0.1,0.0,0.4,0.0,0.2,0.0,0.0,0.7
45,FT,-,Davidson plum,Other Fruit,0.1,0.0,0.4,0.0,0.2,0.0,0.0,0.7
46,FT,296,Desert date,Other Fruit,0.1,0.0,0.4,0.0,0.2,0.0,0.0,0.7
47,FI,333,Doum or Dum palm,Other Fruit,0.1,0.0,0.4,0.0,0.2,0.0,0.0,0.7
48,DF,167,Dried fruits,Other Fruit,0.1,0.0,0.4,0.0,0.2,0.0,0.0,0.7
49,DF,269,"Dried grapes (= currants, Raisins and Sultanas)",Other Fruit,0.1,0.0,0.4,0.0,0.2,0.0,0.0,0.7
50,DF,-,"Dried vine fruits, see Dried Grapes",Other Fruit,0.1,0.0,0.4,0.0,0.2,0.0,0.0,0.7
51,FI,334,Durian,Other Fruit,0.1,0.0,0.4,0.0,0.2,0.0,0.0,0.7
52,FP,-,"Dwarf bean (immature pods and/or seeds), see Common bean",Other Fruit,0.1,0.0,0.4,0.0,0.2,0.0,0.0,0.7
53,FI,-,"Egg Fruit, see Canistel",Other Fruit,0.1,0.0,0.4,0.0,0.2,0.0,0.0,0.7
54,FT,-,Egyptian carissa,Other Fruit,0.1,0.0,0.4,0.0,0.2,0.0,0.0,0.7
55,FI,371,Elephant apple,Other Fruit,0.1,0.0,0.4,0.0,0.2,0.0,0.0,0.7
56,FT,-,False sandalwood,Other Fruit,0.1,0.0,0.4,0.0,0.2,0.0,0.0,0.7
57,FI,-,Falso-guaranÃ¡,Other Fruit,0.1,0.0,0.4,0.0,0.2,0.0,0.0,0.7
58,FI,335,Feijoa,Other Fruit,0.1,0.0,0.4,0.0,0.2,0.0,0.0,0.7
59,FT,297,Fig,Other Fruit,0.1,0.0,0.4,0.0,0.2,0.0,0.0,0.7
60,DF,297,"Figs, dried or dried and candied",Other Fruit,0.1,0.0,0.4,0.0,0.2,0.0,0.0,0.7
61,JF,175,Fruit juices,Other Fruit,0.1,0.0,0.4,0.0,0.2,0.0,0.0,0.7
62,FT,-,Galonut,Other Fruit,0.1,0.0,0.4,0.0,0.2,0.0,0.0,0.7
63,FI,-,"Genip, see Marmaladedos",Other Fruit,0.1,0.0,0.4,0.0,0.2,0.0,0.0,0.7
64,FI,-,"Gooseberry, Ceylon",Other Fruit,0.1,0.0,0.4,0.0,0.2,0.0,0.0,0.7
65,FI,-,"Gooseberry, Florida",Other Fruit,0.1,0.0,0.4,0.0,0.2,0.0,0.0,0.7
66,FT,-,Governorâ€™s plum,Other Fruit,0.1,0.0,0.4,0.0,0.2,0.0,0.0,0.7
67,FI,-,"Granadilla, see Passion fruit",Other Fruit,0.1,0.0,0.4,0.0,0.2,0.0,0.0,0.7
68,JF,269,Grape juice,Other Fruit,0.1,0.0,0.4,0.0,0.2,0.0,0.0,0.7
69,JF,203,Grapefruit juice,Other Fruit,0.1,0.0,0.4,0.0,0.2,0.0,0.0,0.7
70,FT,298,Grumichama,Other Fruit,0.1,0.0,0.4,0.0,0.2,0.0,0.0,0.7
71,FT,-,Guabiju,Other Fruit,0.1,0.0,0.4,0.0,0.2,0.0,0.0,0.7
72,FT,-,Guabiroba,Other Fruit,0.1,0.0,0.4,0.0,0.2,0.0,0.0,0.7
73,FI,-,"Guanabana, see Soursop",Other Fruit,0.1,0.0,0.4,0.0,0.2,0.0,0.0,0.7
74,FT,336,Guava,Other Fruit,0.1,0.0,0.4,0.0,0.2,0.0,0.0,0.7
75,FT,-,Guava berry,Other Fruit,0.1,0.0,0.4,0.0,0.2,0.0,0.0,0.7
76,FI,-,Guriri,Other Fruit,0.1,0.0,0.4,0.0,0.2,0.0,0.0,0.7
77,FT,-,Herbert river cherry,Other Fruit,0.1,0.0,0.4,0.0,0.2,0.0,0.0,0.7
78,FT,299,Hog plum,Other Fruit,0.1,0.0,0.4,0.0,0.2,0.0,0.0,0.7
79,FI,-,Horse mango,Other Fruit,0.1,0.0,0.4,0.0,0.2,0.0,0.0,0.7
80,FT,-,"Icaco plum, see Coco plum",Other Fruit,0.1,0.0,0.4,0.0,0.2,0.0,0.0,0.7
81,FI,337,Ilama,Other Fruit,0.1,0.0,0.4,0.0,0.2,0.0,0.0,0.7
82,FT,-,Illawara plum,Other Fruit,0.1,0.0,0.4,0.0,0.2,0.0,0.0,0.7
83,FI,-,Imbe,Other Fruit,0.1,0.0,0.4,0.0,0.2,0.0,0.0,0.7
84,FI,-,"Indian fig, see Prickly pear",Other Fruit,0.1,0.0,0.4,0.0,0.2,0.0,0.0,0.7
85,FI,-,"Indian Wood apple, see Elephant apple",Other Fruit,0.1,0.0,0.4,0.0,0.2,0.0,0.0,0.7
86,FI,-,IngÃ¡,Other Fruit,0.1,0.0,0.4,0.0,0.2,0.0,0.0,0.7
87,FT,300,Jaboticaba,Other Fruit,0.1,0.0,0.4,0.0,0.2,0.0,0.0,0.7
88,FT,-,Jacaratia,Other Fruit,0.1,0.0,0.4,0.0,0.2,0.0,0.0,0.7
89,FI,338,Jackfruit,Other Fruit,0.1,0.0,0.4,0.0,0.2,0.0,0.0,0.7
90,FT,-,Jamaica cherry,Other Fruit,0.1,0.0,0.4,0.0,0.2,0.0,0.0,0.7
91,FI,339,Jambolan,Other Fruit,0.1,0.0,0.4,0.0,0.2,0.0,0.0,0.7
92,FP,-,"Japanese medlar, see Loquat",Other Fruit,0.1,0.0,0.4,0.0,0.2,0.0,0.0,0.7
93,FI,-,JatobÃ¡,Other Fruit,0.1,0.0,0.4,0.0,0.2,0.0,0.0,0.7
94,FT,-,"Java almond, see Group 022: Tree nuts",Other Fruit,0.1,0.0,0.4,0.0,0.2,0.0,0.0,0.7
95,FI,340,Java apple,Other Fruit,0.1,0.0,0.4,0.0,0.2,0.0,0.0,0.7
96,FT,-,Jelly palm,Other Fruit,0.1,0.0,0.4,0.0,0.2,0.0,0.0,0.7
97,FI,-,JoÃ¡,Other Fruit,0.1,0.0,0.4,0.0,0.2,0.0,0.0,0.7
98,FT,302,"Jujube, Chinese",Other Fruit,0.1,0.0,0.4,0.0,0.2,0.0,0.0,0.7
99,FT,301,"Jujube, Indian",Other Fruit,0.1,0.0,0.4,0.0,0.2,0.0,0.0,0.7
100,FI,-,Kafir plum,Other Fruit,0.1,0.0,0.4,0.0,0.2,0.0,0.0,0.7
101,FT,-,"Kaki or Kaki fruit, see Persimmon, Japanese",Other Fruit,0.1,0.0,0.4,0.0,0.2,0.0,0.0,0.7
102,FT,-,Kapundung,Other Fruit,0.1,0.0,0.4,0.0,0.2,0.0,0.0,0.7
103,FI,-,Kei apple,Other Fruit,0.1,0.0,0.4,0.0,0.2,0.0,0.0,0.7
104,FI,341,Kiwifruit,Other Fruit,0.1,0.0,0.4,0.0,0.2,0.0,0.0,0.7
105,FI,-,Kuini,Other Fruit,0.1,0.0,0.4,0.0,0.2,0.0,0.0,0.7
106,FT,-,"Kumquat, Marumi, see Kumquats",Other Fruit,0.1,0.0,0.4,0.0,0.2,0.0,0.0,0.7
107,FT,-,"Kumquat, Nagami, see Kumquats",Other Fruit,0.1,0.0,0.4,0.0,0.2,0.0,0.0,0.7
108,FT,303,Kumquats,Other Fruit,0.1,0.0,0.4,0.0,0.2,0.0,0.0,0.7
109,FI,-,Langsat,Other Fruit,0.1,0.0,0.4,0.0,0.2,0.0,0.0,0.7
110,FI,-,Lemon aspen,Other Fruit,0.1,0.0,0.4,0.0,0.2,0.0,0.0,0.7
111,FI,-,"Malay apple, see Pomerac, Group 005: Assorted tropical and sub-",Other Fruit,0.1,0.0,0.4,0.0,0.2,0.0,0.0,0.7
112,FI,-,Mama-cadela,Other Fruit,0.1,0.0,0.4,0.0,0.2,0.0,0.0,0.7
113,FI,344,Mammey apple,Other Fruit,0.1,0.0,0.4,0.0,0.2,0.0,0.0,0.7
114,FI,-,Mangaba,Other Fruit,0.1,0.0,0.4,0.0,0.2,0.0,0.0,0.7
115,FI,345,Mango,Other Fruit,0.1,0.0,0.4,0.0,0.2,0.0,0.0,0.7
116,FI,346,Mangostan,Other Fruit,0.1,0.0,0.4,0.0,0.2,0.0,0.0,0.7
117,FI,-,"Mangosteen, see Mangostan",Other Fruit,0.1,0.0,0.4,0.0,0.2,0.0,0.0,0.7
118,FI,-,MaracujÃ¡-aÃ§u,Other Fruit,0.1,0.0,0.4,0.0,0.2,0.0,0.0,0.7
119,FI,-,MaracujÃ¡-doce,Other Fruit,0.1,0.0,0.4,0.0,0.2,0.0,0.0,0.7
120,FI,-,Marang,Other Fruit,0.1,0.0,0.4,0.0,0.2,0.0,0.0,0.7
121,FT,-,Marian plum,Other Fruit,0.1,0.0,0.4,0.0,0.2,0.0,0.0,0.7
122,FI,-,Marmalada,Other Fruit,0.1,0.0,0.4,0.0,0.2,0.0,0.0,0.7
123,FI,347,Marmaladedos,Other Fruit,0.1,0.0,0.4,0.0,0.2,0.0,0.0,0.7
124,FI,-,Marolo,Other Fruit,0.1,0.0,0.4,0.0,0.2,0.0,0.0,0.7
125,FI,-,Maya breadfruit,Other Fruit,0.1,0.0,0.4,0.0,0.2,0.0,0.0,0.7
126,FP,229,Medlar,Other Fruit,0.1,0.0,0.4,0.0,0.2,0.0,0.0,0.7
127,FT,-,Miracle fruit,Other Fruit,0.1,0.0,0.4,0.0,0.2,0.0,0.0,0.7
128,FI,348,"Mombin, Yellow",Other Fruit,0.1,0.0,0.4,0.0,0.2,0.0,0.0,0.7
129,FT,-,"Mombin, purple",Other Fruit,0.1,0.0,0.4,0.0,0.2,0.0,0.0,0.7
130,FT,-,Monos plum,Other Fruit,0.1,0.0,0.4,0.0,0.2,0.0,0.0,0.7
131,FI,-,Monkey fruit,Other Fruit,0.1,0.0,0.4,0.0,0.2,0.0,0.0,0.7
132,FI,-,Monstera,Other Fruit,0.1,0.0,0.4,0.0,0.2,0.0,0.0,0.7
133,FI,-,"Mulberries, Indian",Other Fruit,0.1,0.0,0.4,0.0,0.2,0.0,0.0,0.7
134,FI,-,Murici,Other Fruit,0.1,0.0,0.4,0.0,0.2,0.0,0.0,0.7
135,FI,-,Muriti,Other Fruit,0.1,0.0,0.4,0.0,0.2,0.0,0.0,0.7
136,DF,-,"Muscatel, see Dried grapes",Other Fruit,0.1,0.0,0.4,0.0,0.2,0.0,0.0,0.7
137,FI,349,Naranjilla,Other Fruit,0.1,0.0,0.4,0.0,0.2,0.0,0.0,0.7
138,FP,-,"Nashi pear, see Pear, oriental",Other Fruit,0.1,0.0,0.4,0.0,0.2,0.0,0.0,0.7
139,FT,304,Natal plum,Other Fruit,0.1,0.0,0.4,0.0,0.2,0.0,0.0,0.7
140,FT,305,Olives,Other Fruit,0.1,0.0,0.4,0.0,0.2,0.0,0.0,0.7
141,JF,4,Orange juice,Other Fruit,0.1,0.0,0.4,0.0,0.2,0.0,0.0,0.7
142,FT,306,Otaheite gooseberry,Other Fruit,0.1,0.0,0.4,0.0,0.2,0.0,0.0,0.7
143,FI,-,Palmyra palm fruit,Other Fruit,0.1,0.0,0.4,0.0,0.2,0.0,0.0,0.7
144,FI,-,"Papaw or Pawpaw, see Papaya",Other Fruit,0.1,0.0,0.4,0.0,0.2,0.0,0.0,0.7
145,FI,350,Papaya,Other Fruit,0.1,0.0,0.4,0.0,0.2,0.0,0.0,0.7
146,FI,-,Poshte,Other Fruit,0.1,0.0,0.4,0.0,0.2,0.0,0.0,0.7
147,FI,356,Prickly pear,Other Fruit,0.1,0.0,0.4,0.0,0.2,0.0,0.0,0.7
148,DF,14,Prunes,Other Fruit,0.1,0.0,0.4,0.0,0.2,0.0,0.0,0.7
149,FI,357,Pulasan,Other Fruit,0.1,0.0,0.4,0.0,0.2,0.0,0.0,0.7
150,FI,-,Quandong,Other Fruit,0.1,0.0,0.4,0.0,0.2,0.0,0.0,0.7
151,FP,231,Quince,Other Fruit,0.1,0.0,0.4,0.0,0.2,0.0,0.0,0.7
152,FI,-,"Quito Orange, see Naranjilla",Other Fruit,0.1,0.0,0.4,0.0,0.2,0.0,0.0,0.7
153,DF,-,"Raisins (seedless white grape var., partially dried), see Dried",Other Fruit,0.1,0.0,0.4,0.0,0.2,0.0,0.0,0.7
154,FI,-,Rambai,Other Fruit,0.1,0.0,0.4,0.0,0.2,0.0,0.0,0.7
155,FI,358,Rambutan,Other Fruit,0.1,0.0,0.4,0.0,0.2,0.0,0.0,0.7
156,FT,309,Rose apple,Other Fruit,0.1,0.0,0.4,0.0,0.2,0.0,0.0,0.7
157,FI,-,Salak,Other Fruit,0.1,0.0,0.4,0.0,0.2,0.0,0.0,0.7
158,FP,-,"Sand pear, see Pear, Oriental",Other Fruit,0.1,0.0,0.4,0.0,0.2,0.0,0.0,0.7
159,FI,359,Sapodilla,Other Fruit,0.1,0.0,0.4,0.0,0.2,0.0,0.0,0.7
160,FI,360,"Sapote, Black",Other Fruit,0.1,0.0,0.4,0.0,0.2,0.0,0.0,0.7
161,FI,361,"Sapote, Green",Other Fruit,0.1,0.0,0.4,0.0,0.2,0.0,0.0,0.7
162,FI,362,"Sapote, Mammey",Other Fruit,0.1,0.0,0.4,0.0,0.2,0.0,0.0,0.7
163,FI,363,"Sapote, White",Other Fruit,0.1,0.0,0.4,0.0,0.2,0.0,0.0,0.7
164,FI,-,Satin leaf,Other Fruit,0.1,0.0,0.4,0.0,0.2,0.0,0.0,0.7
165,FI,-,Screwpine,Other Fruit,0.1,0.0,0.4,0.0,0.2,0.0,0.0,0.7
166,FT,310,Sea grape,Other Fruit,0.1,0.0,0.4,0.0,0.2,0.0,0.0,0.7
167,FI,364,Sentol,Other Fruit,0.1,0.0,0.4,0.0,0.2,0.0,0.0,0.7
168,FI,-,"Sesso vegetal, see Akee apple",Other Fruit,0.1,0.0,0.4,0.0,0.2,0.0,0.0,0.7
169,FT,-,Sete-capotes,Other Fruit,0.1,0.0,0.4,0.0,0.2,0.0,0.0,0.7
170,FI,-,Silver aspen,Other Fruit,0.1,0.0,0.4,0.0,0.2,0.0,0.0,0.7
171,FT,-,Sorva,Other Fruit,0.1,0.0,0.4,0.0,0.2,0.0,0.0,0.7
172,FI,365,Soursop,Other Fruit,0.1,0.0,0.4,0.0,0.2,0.0,0.0,0.7
173,FI,366,Spanish lime,Other Fruit,0.1,0.0,0.4,0.0,0.2,0.0,0.0,0.7
174,FT,-,"St. Johnâ€™s bread, see Carob",Other Fruit,0.1,0.0,0.4,0.0,0.2,0.0,0.0,0.7
175,FI,367,Star apple,Other Fruit,0.1,0.0,0.4,0.0,0.2,0.0,0.0,0.7
176,FI,-,"Star apple , white",Other Fruit,0.1,0.0,0.4,0.0,0.2,0.0,0.0,0.7
177,FT,-,Strawberry guava,Other Fruit,0.1,0.0,0.4,0.0,0.2,0.0,0.0,0.7
178,FI,-,"Strawberry peach, see Kiwifruit",Other Fruit,0.1,0.0,0.4,0.0,0.2,0.0,0.0,0.7
179,FI,368,Sugar apple,Other Fruit,0.1,0.0,0.4,0.0,0.2,0.0,0.0,0.7
180,DF,-,"Sultanas, see Dried grapes",Other Fruit,0.1,0.0,0.4,0.0,0.2,0.0,0.0,0.7
181,FI,-,Sun sapote,Other Fruit,0.1,0.0,0.4,0.0,0.2,0.0,0.0,0.7
182,FT,311,Surinam cherry,Other Fruit,0.1,0.0,0.4,0.0,0.2,0.0,0.0,0.7
183,FI,-,"Sweetsop, see Sugar apple",Other Fruit,0.1,0.0,0.4,0.0,0.2,0.0,0.0,0.7
184,FT,-,"Tamarillo, see Tree tomato",Other Fruit,0.1,0.0,0.4,0.0,0.2,0.0,0.0,0.7
185,FI,369,Tamarind,Other Fruit,0.1,0.0,0.4,0.0,0.2,0.0,0.0,0.7
186,JF,48,Tomato juice,Other Fruit,0.1,0.0,0.4,0.0,0.2,0.0,0.0,0.7
187,FI,370,Tonka bean,Other Fruit,0.1,0.0,0.4,0.0,0.2,0.0,0.0,0.7
188,FT,-,"Tree strawberry, see Arbutus berry",Other Fruit,0.1,0.0,0.4,0.0,0.2,0.0,0.0,0.7
189,FT,312,Tree tomato,Other Fruit,0.1,0.0,0.4,0.0,0.2,0.0,0.0,0.7
190,GC,-,"Acha, see Hungry Rice",Rice,0.0,0.0,3.6,0.1,0.1,0.1,0.1,4.0
191,GC,-,"Adlay, see Jobâ€™s Tears",Rice,0.0,0.0,3.6,0.1,0.1,0.1,0.1,4.0
192,GC,,"African millet, see Millet, Finger",Rice,0.0,0.0,3.6,0.1,0.1,0.1,0.1,4.0
193,GC,-,"Brown-corn millet, see Millet, Common",Rice,0.0,0.0,3.6,0.1,0.1,0.1,0.1,4.0
194,GC,641,Buckwheat,Rice,0.0,0.0,3.6,0.1,0.1,0.1,0.1,4.0
195,GC,-,"Bulrush millet, see Millet, Bulrush",Rice,0.0,0.0,3.6,0.1,0.1,0.1,0.1,4.0
196,GC,-,"Cat-tail millet, see Millet, Bulrush",Rice,0.0,0.0,3.6,0.1,0.1,0.1,0.1,4.0
197,GC,80,Cereal grains,Rice,0.0,0.0,3.6,0.1,0.1,0.1,0.1,4.0
198,GC,81,"Cereal grains, except Buckwheat, CaÃ±ihua and Quinoa",Rice,0.0,0.0,3.6,0.1,0.1,0.1,0.1,4.0
199,GC,-,"Chicken corn, see Sorghum",Rice,0.0,0.0,3.6,0.1,0.1,0.1,0.1,4.0
200,GC,-,"Corn, see Maize",Rice,0.0,0.0,3.6,0.1,0.1,0.1,0.1,4.0
201,GC,-,"Corn, whole kernel (Codex Stand. 132-1981), see Fruiting",Rice,0.0,0.0,3.6,0.1,0.1,0.1,0.1,4.0
202,GC,-,"Corn-on-the-cob (Codex Stand. 133-1981), see Fruiting",Rice,0.0,0.0,3.6,0.1,0.1,0.1,0.1,4.0
203,GC,-,"Dari seed, see Sorghum",Rice,0.0,0.0,3.6,0.1,0.1,0.1,0.1,4.0
204,GC,-,"Durra, see Sorghum",Rice,0.0,0.0,3.6,0.1,0.1,0.1,0.1,4.0
205,GC,-,"Durum wheat, see Wheat",Rice,0.0,0.0,3.6,0.1,0.1,0.1,0.1,4.0
206,GC,-,"Emmer, see Wheat",Rice,0.0,0.0,3.6,0.1,0.1,0.1,0.1,4.0
207,GC,-,"Feterita, see Sorghum",Rice,0.0,0.0,3.6,0.1,0.1,0.1,0.1,4.0
208,GC,-,"Finger millet, see Millet, Finger",Rice,0.0,0.0,3.6,0.1,0.1,0.1,0.1,4.0
209,GC,-,"Fonio, see Hungry Rice",Rice,0.0,0.0,3.6,0.1,0.1,0.1,0.1,4.0
210,GC,-,"Foxtail millet, see Millet, Foxtail",Rice,0.0,0.0,3.6,0.1,0.1,0.1,0.1,4.0
211,GC,-,"Fundi, see Hungry Rice",Rice,0.0,0.0,3.6,0.1,0.1,0.1,0.1,4.0
212,GC,-,"Guinea corn, see Sorghum",Rice,0.0,0.0,3.6,0.1,0.1,0.1,0.1,4.0
213,GC,-,"Hog millet, see Millet, Common",Rice,0.0,0.0,3.6,0.1,0.1,0.1,0.1,4.0
214,GC,643,Hungry rice,Rice,0.0,0.0,3.6,0.1,0.1,0.1,0.1,4.0
215,GC,644,Jobâ€™s tears,Rice,0.0,0.0,3.6,0.1,0.1,0.1,0.1,4.0
216,GC,-,"Kaffir corn, see Sorghum",Rice,0.0,0.0,3.6,0.1,0.1,0.1,0.1,4.0
217,GC,-,"Kaoliang, see Sorghum",Rice,0.0,0.0,3.6,0.1,0.1,0.1,0.1,4.0
218,GC,646,Millet,Rice,0.0,0.0,3.6,0.1,0.1,0.1,0.1,4.0
219,GC,-,"Millet, Barnyard, see Millet",Rice,0.0,0.0,3.6,0.1,0.1,0.1,0.1,4.0
220,GC,-,"Millet, Bulrush, see Millet",Rice,0.0,0.0,3.6,0.1,0.1,0.1,0.1,4.0
221,GC,-,"Millet, Common, see Millet",Rice,0.0,0.0,3.6,0.1,0.1,0.1,0.1,4.0
222,GC,-,"Millet, Finger, see Millet",Rice,0.0,0.0,3.6,0.1,0.1,0.1,0.1,4.0
223,GC,-,"Millet, Foxtail, see Millet",Rice,0.0,0.0,3.6,0.1,0.1,0.1,0.1,4.0
224,GC,-,"Millet, Little, see Millet",Rice,0.0,0.0,3.6,0.1,0.1,0.1,0.1,4.0
225,GC,-,"Milo, see Sorghum",Rice,0.0,0.0,3.6,0.1,0.1,0.1,0.1,4.0
226,GC,-,"Oat, Red see Oats",Rice,0.0,0.0,3.6,0.1,0.1,0.1,0.1,4.0
227,GC,647,Oats,Rice,0.0,0.0,3.6,0.1,0.1,0.1,0.1,4.0
228,GC,-,"Proso millet, see Millet, Common",Rice,0.0,0.0,3.6,0.1,0.1,0.1,0.1,4.0
229,GC,648,Quinoa,Rice,0.0,0.0,3.6,0.1,0.1,0.1,0.1,4.0
230,GC,649,Rice,Rice,0.0,0.0,3.6,0.1,0.1,0.1,0.1,4.0
231,GC,-,"Russian millet, see Millet, Common",Rice,0.0,0.0,3.6,0.1,0.1,0.1,0.1,4.0
232,GC,650,Rye,Rice,0.0,0.0,3.6,0.1,0.1,0.1,0.1,4.0
233,GC,-,"Shallu, see Sorghum",Rice,0.0,0.0,3.6,0.1,0.1,0.1,0.1,4.0
234,GC,651,Sorghum,Rice,0.0,0.0,3.6,0.1,0.1,0.1,0.1,4.0
235,GC,-,"Sorgo, see Sorghum",Rice,0.0,0.0,3.6,0.1,0.1,0.1,0.1,4.0
236,GC,-,"Spelt, see Wheat",Rice,0.0,0.0,3.6,0.1,0.1,0.1,0.1,4.0
237,GC,-,"Spiked millet, see Millet, Bulrush",Rice,0.0,0.0,3.6,0.1,0.1,0.1,0.1,4.0
238,GC,447,Sweet corn,Rice,0.0,0.0,3.6,0.1,0.1,0.1,0.1,4.0
239,GC,652,Teff or Tef,Rice,0.0,0.0,3.6,0.1,0.1,0.1,0.1,4.0
240,GC,657,Teosinte,Rice,0.0,0.0,3.6,0.1,0.1,0.1,0.1,4.0
241,GC,653,Triticale,Rice,0.0,0.0,3.6,0.1,0.1,0.1,0.1,4.0
242,GC,655,Wild rice,Rice,0.0,0.0,3.6,0.1,0.1,0.1,0.1,4.0
243,VR,-,"Achira, see Canna, edible",Root Vegetables,0.0,0.0,0.2,0.0,0.1,0.0,0.0,0.30000000000000004
244,VR,570,Alocasia,Root Vegetables,0.0,0.0,0.2,0.0,0.1,0.0,0.0,0.30000000000000004
245,VR,574,Beetroot,Root Vegetables,0.0,0.0,0.2,0.0,0.1,0.0,0.0,0.30000000000000004
246,VR,-,"Black salsify, see Scorzonera",Root Vegetables,0.0,0.0,0.2,0.0,0.1,0.0,0.0,0.30000000000000004
247,VR,575,"Burdock, greater or edible",Root Vegetables,0.0,0.0,0.2,0.0,0.1,0.0,0.0,0.30000000000000004
248,VR,577,Carrot,Root Vegetables,0.0,0.0,0.2,0.0,0.1,0.0,0.0,0.30000000000000004
249,VR,463,Cassava,Root Vegetables,0.0,0.0,0.2,0.0,0.1,0.0,0.0,0.30000000000000004
250,VR,-,"Cassava, Bitter, see Cassava",Root Vegetables,0.0,0.0,0.2,0.0,0.1,0.0,0.0,0.30000000000000004
251,VR,-,"Cassava, Sweet, see Cassava",Root Vegetables,0.0,0.0,0.2,0.0,0.1,0.0,0.0,0.30000000000000004
252,VR,578,Celeriac,Root Vegetables,0.0,0.0,0.2,0.0,0.1,0.0,0.0,0.30000000000000004
253,VR,423,Chayote root,Root Vegetables,0.0,0.0,0.2,0.0,0.1,0.0,0.0,0.30000000000000004
254,VR,579,"Chervil, Turnip-rooted",Root Vegetables,0.0,0.0,0.2,0.0,0.1,0.0,0.0,0.30000000000000004
255,VR,469,"Chicory, roots",Root Vegetables,0.0,0.0,0.2,0.0,0.1,0.0,0.0,0.30000000000000004
256,VR,-,"Chinese radish, see Radish, Japanese",Root Vegetables,0.0,0.0,0.2,0.0,0.1,0.0,0.0,0.30000000000000004
257,VR,-,"Christophine, see Chayote root",Root Vegetables,0.0,0.0,0.2,0.0,0.1,0.0,0.0,0.30000000000000004
258,VR,-,"Daikon, see Radish, Japanese",Root Vegetables,0.0,0.0,0.2,0.0,0.1,0.0,0.0,0.30000000000000004
259,VR,-,"Dasheen, see Taro",Root Vegetables,0.0,0.0,0.2,0.0,0.1,0.0,0.0,0.30000000000000004
260,VR,581,"Galangal, Greater",Root Vegetables,0.0,0.0,0.2,0.0,0.1,0.0,0.0,0.30000000000000004
261,VR,582,"Galangal, Lesser",Root Vegetables,0.0,0.0,0.2,0.0,0.1,0.0,0.0,0.30000000000000004
262,VR,604,Ginseng,Root Vegetables,0.0,0.0,0.2,0.0,0.1,0.0,0.0,0.30000000000000004
263,VR,-,"Globe artichoke, see Group 017: Artichoke Globe, Stalk and stem",Root Vegetables,0.0,0.0,0.2,0.0,0.1,0.0,0.0,0.30000000000000004
264,VR,530,Goa bean root,Root Vegetables,0.0,0.0,0.2,0.0,0.1,0.0,0.0,0.30000000000000004
265,VR,-,"Gruya, see Canna, edible",Root Vegetables,0.0,0.0,0.2,0.0,0.1,0.0,0.0,0.30000000000000004
266,VR,583,Horseradish,Root Vegetables,0.0,0.0,0.2,0.0,0.1,0.0,0.0,0.30000000000000004
267,VR,584,Japanese artichoke,Root Vegetables,0.0,0.0,0.2,0.0,0.1,0.0,0.0,0.30000000000000004
268,VR,-,"Japanese taro, see taro",Root Vegetables,0.0,0.0,0.2,0.0,0.1,0.0,0.0,0.30000000000000004
269,VR,585,Jerusalem artichoke,Root Vegetables,0.0,0.0,0.2,0.0,0.1,0.0,0.0,0.30000000000000004
270,VR,-,"Jicama, see Yam bean",Root Vegetables,0.0,0.0,0.2,0.0,0.1,0.0,0.0,0.30000000000000004
271,VR,-,"Leren, see Topee Tambu",Root Vegetables,0.0,0.0,0.2,0.0,0.1,0.0,0.0,0.30000000000000004
272,VR,-,"Manioc, see Cassava, bitter",Root Vegetables,0.0,0.0,0.2,0.0,0.1,0.0,0.0,0.30000000000000004
273,VR,586,Oca,Root Vegetables,0.0,0.0,0.2,0.0,0.1,0.0,0.0,0.30000000000000004
274,VR,-,"Oyster plant, see Salsify",Root Vegetables,0.0,0.0,0.2,0.0,0.1,0.0,0.0,0.30000000000000004
275,VR,589,Potato,Root Vegetables,0.0,0.0,0.2,0.0,0.1,0.0,0.0,0.30000000000000004
276,VR,-,"Potato yam, see Yam bean",Root Vegetables,0.0,0.0,0.2,0.0,0.1,0.0,0.0,0.30000000000000004
277,VR,-,"Queensland arrowroot, see Canna, edible",Root Vegetables,0.0,0.0,0.2,0.0,0.1,0.0,0.0,0.30000000000000004
278,VR,494,Radish,Root Vegetables,0.0,0.0,0.2,0.0,0.1,0.0,0.0,0.30000000000000004
279,VR,590,"Radish, Black",Root Vegetables,0.0,0.0,0.2,0.0,0.1,0.0,0.0,0.30000000000000004
280,VR,591,"Radish, Japanese",Root Vegetables,0.0,0.0,0.2,0.0,0.1,0.0,0.0,0.30000000000000004
281,VR,592,Rampion roots,Root Vegetables,0.0,0.0,0.2,0.0,0.1,0.0,0.0,0.30000000000000004
282,VR,-,"Red beet, see beetroot",Root Vegetables,0.0,0.0,0.2,0.0,0.1,0.0,0.0,0.30000000000000004
283,VR,75,Root and tuber vegetables,Root Vegetables,0.0,0.0,0.2,0.0,0.1,0.0,0.0,0.30000000000000004
284,VR,-,"Rutabaga, see Swede",Root Vegetables,0.0,0.0,0.2,0.0,0.1,0.0,0.0,0.30000000000000004
285,VR,498,Salsify,Root Vegetables,0.0,0.0,0.2,0.0,0.1,0.0,0.0,0.30000000000000004
286,VR,-,"Salsify, Black, see Scorzonera",Root Vegetables,0.0,0.0,0.2,0.0,0.1,0.0,0.0,0.30000000000000004
287,VR,593,"Salsify, Spanish",Root Vegetables,0.0,0.0,0.2,0.0,0.1,0.0,0.0,0.30000000000000004
288,VR,594,Scorzonera,Root Vegetables,0.0,0.0,0.2,0.0,0.1,0.0,0.0,0.30000000000000004
289,VR,595,Skirrit or Skirret,Root Vegetables,0.0,0.0,0.2,0.0,0.1,0.0,0.0,0.30000000000000004
290,VR,596,Sugar beet,Root Vegetables,0.0,0.0,0.2,0.0,0.1,0.0,0.0,0.30000000000000004
291,VR,497,Swede,Root Vegetables,0.0,0.0,0.2,0.0,0.1,0.0,0.0,0.30000000000000004
292,VR,508,Sweet potato,Root Vegetables,0.0,0.0,0.2,0.0,0.1,0.0,0.0,0.30000000000000004
293,VR,-,"Tanier, see Tannia",Root Vegetables,0.0,0.0,0.2,0.0,0.1,0.0,0.0,0.30000000000000004
294,VR,504,Tannia,Root Vegetables,0.0,0.0,0.2,0.0,0.1,0.0,0.0,0.30000000000000004
295,VR,-,"Tapioca, see Cassava",Root Vegetables,0.0,0.0,0.2,0.0,0.1,0.0,0.0,0.30000000000000004
296,VR,505,Taro,Root Vegetables,0.0,0.0,0.2,0.0,0.1,0.0,0.0,0.30000000000000004
297,VR,580,Tiger nut,Root Vegetables,0.0,0.0,0.2,0.0,0.1,0.0,0.0,0.30000000000000004
298,VR,598,Topee tambu,Root Vegetables,0.0,0.0,0.2,0.0,0.1,0.0,0.0,0.30000000000000004
299,VR,506,"Turnip, Garden",Root Vegetables,0.0,0.0,0.2,0.0,0.1,0.0,0.0,0.30000000000000004
300,VR,-,"Turnip Swedish, see Swede",Root Vegetables,0.0,0.0,0.2,0.0,0.1,0.0,0.0,0.30000000000000004
301,VR,-,"Turnip, see Swede",Root Vegetables,0.0,0.0,0.2,0.0,0.1,0.0,0.0,0.30000000000000004
302,VR,601,Yam bean,Root Vegetables,0.0,0.0,0.2,0.0,0.1,0.0,0.0,0.30000000000000004
303,VR,-,"Yam, Cush-cush, see Yams",Root Vegetables,0.0,0.0,0.2,0.0,0.1,0.0,0.0,0.30000000000000004
304,VR,-,"Yam, Eight-months, see Yam, White Guinea",Root Vegetables,0.0,0.0,0.2,0.0,0.1,0.0,0.0,0.30000000000000004
305,VR,-,"Yam, Greater, see Yams",Root Vegetables,0.0,0.0,0.2,0.0,0.1,0.0,0.0,0.30000000000000004
306,VR,-,"Yam, Twelve-months, see Yams, Yellow Guinea",Root Vegetables,0.0,0.0,0.2,0.0,0.1,0.0,0.0,0.30000000000000004
307,VR,-,"Yam, White Guinea, see Yams",Root Vegetables,0.0,0.0,0.2,0.0,0.1,0.0,0.0,0.30000000000000004
308,VR,-,"Yam, White, see Yam, White Guinea",Root Vegetables,0.0,0.0,0.2,0.0,0.1,0.0,0.0,0.30000000000000004
309,VR,-,"Yam, Yellow Guinea, see Yams",Root Vegetables,0.0,0.0,0.2,0.0,0.1,0.0,0.0,0.30000000000000004
310,VR,-,"Yam, Yellow, see Yam, Yellow Guinea",Root Vegetables,0.0,0.0,0.2,0.0,0.1,0.0,0.0,0.30000000000000004
311,VR,600,Yams,Root Vegetables,0.0,0.0,0.2,0.0,0.1,0.0,0.0,0.30000000000000004
312,VR,-,"Yautia, see Tannia",Root Vegetables,0.0,0.0,0.2,0.0,0.1,0.0,0.0,0.30000000000000004
313,VD,560,Adzuki bean (dry),Other Pulses,0.0,0.0,1.1,0.0,0.1,0.4,0.0,1.6
314,VD,-,"Angola pea, see Pigeon pea",Other Pulses,0.0,0.0,1.1,0.0,0.1,0.4,0.0,1.6
315,VD,71,Beans (dry),Other Pulses,0.0,0.0,1.1,0.0,0.1,0.4,0.0,1.6
316,VD,521,Black gram,Other Pulses,0.0,0.0,1.1,0.0,0.1,0.4,0.0,1.6
317,VD,-,"Black-eyed pea, see Cowpea",Other Pulses,0.0,0.0,1.1,0.0,0.1,0.4,0.0,1.6
318,VD,-,"Bonavist bean, see Hyacinth bean",Other Pulses,0.0,0.0,1.1,0.0,0.1,0.4,0.0,1.6
319,VD,523,Broad bean (dry),Other Pulses,0.0,0.0,1.1,0.0,0.1,0.4,0.0,1.6
320,VD,524,Chick-pea (dry),Other Pulses,0.0,0.0,1.1,0.0,0.1,0.4,0.0,1.6
321,VD,527,Cowpea (dry),Other Pulses,0.0,0.0,1.1,0.0,0.1,0.4,0.0,1.6
322,VD,-,"Fava bean (dry), see Broad bean (dry)",Other Pulses,0.0,0.0,1.1,0.0,0.1,0.4,0.0,1.6
323,VD,-,"Field bean (dry), see Common bean (dry)",Other Pulses,0.0,0.0,1.1,0.0,0.1,0.4,0.0,1.6
324,VD,561,Field pea (dry),Other Pulses,0.0,0.0,1.1,0.0,0.1,0.4,0.0,1.6
325,VD,-,"Flageolet (dry), see Common bean (dry)",Other Pulses,0.0,0.0,1.1,0.0,0.1,0.4,0.0,1.6
326,VD,-,"French bean, see Group 014: Legume vegetables",Other Pulses,0.0,0.0,1.1,0.0,0.1,0.4,0.0,1.6
327,VD,-,"Garden pea, see Group 014: Legume vegetables",Other Pulses,0.0,0.0,1.1,0.0,0.1,0.4,0.0,1.6
328,VD,-,"Geocarpa groundnut or Geocarpa bean, see Kerstingâ€™s groundnut",Other Pulses,0.0,0.0,1.1,0.0,0.1,0.4,0.0,1.6
329,VD,-,"Goa bean, see Group 014: Legume vegetables",Other Pulses,0.0,0.0,1.1,0.0,0.1,0.4,0.0,1.6
330,VD,-,"Gram (dry), see Chick-pea (dry)",Other Pulses,0.0,0.0,1.1,0.0,0.1,0.4,0.0,1.6
331,VD,-,"Green beans, see Group 014: Legume vegetables",Other Pulses,0.0,0.0,1.1,0.0,0.1,0.4,0.0,1.6
332,VD,-,"Green gram (dry), see Mung bean (dry)",Other Pulses,0.0,0.0,1.1,0.0,0.1,0.4,0.0,1.6
333,VD,-,"Haricot bean, see Common bean, Group 014: Legume vegetables",Other Pulses,0.0,0.0,1.1,0.0,0.1,0.4,0.0,1.6
334,VD,-,"Horse bean (dry), see Broad bean (dry)",Other Pulses,0.0,0.0,1.1,0.0,0.1,0.4,0.0,1.6
335,VD,562,Horse gram,Other Pulses,0.0,0.0,1.1,0.0,0.1,0.4,0.0,1.6
336,VD,531,Hyacinth bean (dry),Other Pulses,0.0,0.0,1.1,0.0,0.1,0.4,0.0,1.6
337,VD,-,"Jack bean, see Group 014: Legume vegetables",Other Pulses,0.0,0.0,1.1,0.0,0.1,0.4,0.0,1.6
338,VD,563,Kerstingâ€™s groundnut,Other Pulses,0.0,0.0,1.1,0.0,0.1,0.4,0.0,1.6
339,VD,-,"Kidney bean (dry), see Common bean (dry)",Other Pulses,0.0,0.0,1.1,0.0,0.1,0.4,0.0,1.6
340,VD,-,"Lablab (dry), see Hyacinth bean (dry)",Other Pulses,0.0,0.0,1.1,0.0,0.1,0.4,0.0,1.6
341,VD,533,Lentil (dry),Other Pulses,0.0,0.0,1.1,0.0,0.1,0.4,0.0,1.6
342,VD,535,Mat bean (dry),Other Pulses,0.0,0.0,1.1,0.0,0.1,0.4,0.0,1.6
343,VD,-,"Moth bean (dry), see Mat bean (dry)",Other Pulses,0.0,0.0,1.1,0.0,0.1,0.4,0.0,1.6
344,VD,536,Mung bean (dry),Other Pulses,0.0,0.0,1.1,0.0,0.1,0.4,0.0,1.6
345,VD,-,"Navy bean (dry), see Common bean (dry)",Other Pulses,0.0,0.0,1.1,0.0,0.1,0.4,0.0,1.6
346,VD,70,Pulses,Other Pulses,0.0,0.0,1.1,0.0,0.1,0.4,0.0,1.6
347,VD,-,"Red gram (dry), see Pigeon pea (dry)",Other Pulses,0.0,0.0,1.1,0.0,0.1,0.4,0.0,1.6
348,VD,539,Rice bean (dry),Other Pulses,0.0,0.0,1.1,0.0,0.1,0.4,0.0,1.6
349,VD,-,"Runner bean, see Common bean, Group 014: Legume vegetables",Other Pulses,0.0,0.0,1.1,0.0,0.1,0.4,0.0,1.6
350,VD,-,"Scarlet runner bean, see Group 014: Legume vegetables",Other Pulses,0.0,0.0,1.1,0.0,0.1,0.4,0.0,1.6
351,VD,-,"Sieva bean (dry), see Lima bean (dry)",Other Pulses,0.0,0.0,1.1,0.0,0.1,0.4,0.0,1.6
352,VD,541,Soya bean (dry),Other Pulses,0.0,0.0,1.1,0.0,0.1,0.4,0.0,1.6
353,VD,-,"Soybean (dry), see Soya bean (dry)",Other Pulses,0.0,0.0,1.1,0.0,0.1,0.4,0.0,1.6
354,VD,564,Tepary bean (dry),Other Pulses,0.0,0.0,1.1,0.0,0.1,0.4,0.0,1.6
355,VD,-,"Wrinkled pea (dry), see Field pea (dry)",Other Pulses,0.0,0.0,1.1,0.0,0.1,0.4,0.0,1.6
356,WS,,"Albacore, see Subgroup Tuna and Bonito",Fish (farmed),0.5,0.8,3.6,0.0,0.1,0.1,0.0,5.1
357,WF,-,"Amur pike, see Pike",Fish (farmed),0.5,0.8,3.6,0.0,0.1,0.1,0.0,5.1
358,WS,920,Anchovies,Fish (farmed),0.5,0.8,3.6,0.0,0.1,0.1,0.0,5.1
359,WS,-,"Bigeye tuna, see Tuna, Bigeye",Fish (farmed),0.5,0.8,3.6,0.0,0.1,0.1,0.0,5.1
360,WF,856,Black bass,Fish (farmed),0.5,0.8,3.6,0.0,0.1,0.1,0.0,5.1
361,WS,-,"Blackfin tuna, see Tuna, Blackfin",Fish (farmed),0.5,0.8,3.6,0.0,0.1,0.1,0.0,5.1
362,WS,922,Bluefish,Fish (farmed),0.5,0.8,3.6,0.0,0.1,0.1,0.0,5.1
363,WR,922,Bluefish roe (m),Fish (farmed),0.5,0.8,3.6,0.0,0.1,0.1,0.0,5.1
364,WF,857,"Bluegill sunfish, or Bluegill bream",Fish (farmed),0.5,0.8,3.6,0.0,0.1,0.1,0.0,5.1
365,WS,923,Bogue,Fish (farmed),0.5,0.8,3.6,0.0,0.1,0.1,0.0,5.1
366,WS,924,Bonito,Fish (farmed),0.5,0.8,3.6,0.0,0.1,0.1,0.0,5.1
367,WS,-,"Bonito, Atlantic, see Bonito",Fish (farmed),0.5,0.8,3.6,0.0,0.1,0.1,0.0,5.1
368,WS,-,"Bonito, Eastern Pacific, see Bonito",Fish (farmed),0.5,0.8,3.6,0.0,0.1,0.1,0.0,5.1
369,WF,858,Bream,Fish (farmed),0.5,0.8,3.6,0.0,0.1,0.1,0.0,5.1
370,WS,956,"Bream, Silver",Fish (farmed),0.5,0.8,3.6,0.0,0.1,0.1,0.0,5.1
371,WD,-,"Brook trout, see Trout",Fish (farmed),0.5,0.8,3.6,0.0,0.1,0.1,0.0,5.1
372,WD,-,"Brown trout, see Trout",Fish (farmed),0.5,0.8,3.6,0.0,0.1,0.1,0.0,5.1
373,WF,-,"Brown trout, see Trout, Brown",Fish (farmed),0.5,0.8,3.6,0.0,0.1,0.1,0.0,5.1
374,WF,-,"Carp, Chinese, see Carp, Grass",Fish (farmed),0.5,0.8,3.6,0.0,0.1,0.1,0.0,5.1
375,WF,-,"Carp, Common, see Carps",Fish (farmed),0.5,0.8,3.6,0.0,0.1,0.1,0.0,5.1
376,WF,-,"Carp, Grass, see Carps",Fish (farmed),0.5,0.8,3.6,0.0,0.1,0.1,0.0,5.1
377,WF,860,"Carp, Indian",Fish (farmed),0.5,0.8,3.6,0.0,0.1,0.1,0.0,5.1
378,WF,859,Carps,Fish (farmed),0.5,0.8,3.6,0.0,0.1,0.1,0.0,5.1
379,WS,-,"Catfish, Sea, see Wolffish",Fish (farmed),0.5,0.8,3.6,0.0,0.1,0.1,0.0,5.1
380,WF,861,Catfishes (freshwater),Fish (farmed),0.5,0.8,3.6,0.0,0.1,0.1,0.0,5.1
381,WF,-,"Channel catfish, see Catfishes (freshwater)",Fish (farmed),0.5,0.8,3.6,0.0,0.1,0.1,0.0,5.1
382,WD,-,"Char, see Lake Trout",Fish (farmed),0.5,0.8,3.6,0.0,0.1,0.1,0.0,5.1
383,WD,-,"Cherry salmon, see Subgroup Salmon, Pacific",Fish (farmed),0.5,0.8,3.6,0.0,0.1,0.1,0.0,5.1
384,WD,-,"Chinook salmon, see Subgroup Salmon, Pacific",Fish (farmed),0.5,0.8,3.6,0.0,0.1,0.1,0.0,5.1
385,WD,-,"Cutthroat trout, see Trout",Fish (farmed),0.5,0.8,3.6,0.0,0.1,0.1,0.0,5.1
386,WS,929,Dab or Common dab,Fish (farmed),0.5,0.8,3.6,0.0,0.1,0.1,0.0,5.1
387,WD,120,Diadromous fish,Fish (farmed),0.5,0.8,3.6,0.0,0.1,0.1,0.0,5.1
388,WS,930,Dolphinfish,Fish (farmed),0.5,0.8,3.6,0.0,0.1,0.1,0.0,5.1
389,WR,930,Dolphinfish roe (m),Fish (farmed),0.5,0.8,3.6,0.0,0.1,0.1,0.0,5.1
390,WS,,"Dorado, see Dolphinfish",Fish (farmed),0.5,0.8,3.6,0.0,0.1,0.1,0.0,5.1
391,WS,931,Drums,Fish (farmed),0.5,0.8,3.6,0.0,0.1,0.1,0.0,5.1
392,WD,-,"Eel, American, see Eels",Fish (farmed),0.5,0.8,3.6,0.0,0.1,0.1,0.0,5.1
393,WD,-,"Eel, Australian, see Eels",Fish (farmed),0.5,0.8,3.6,0.0,0.1,0.1,0.0,5.1
394,WD,-,"Eel, European, see Eels",Fish (farmed),0.5,0.8,3.6,0.0,0.1,0.1,0.0,5.1
395,WD,-,"Eel, Japanese, see Eels",Fish (farmed),0.5,0.8,3.6,0.0,0.1,0.1,0.0,5.1
396,WD,890,Eels,Fish (farmed),0.5,0.8,3.6,0.0,0.1,0.1,0.0,5.1
397,WS,-,"European sardine, see Subgroup Sardines and Sardine-type",Fish (farmed),0.5,0.8,3.6,0.0,0.1,0.1,0.0,5.1
398,WR,140,Fish roe,Fish (farmed),0.5,0.8,3.6,0.0,0.1,0.1,0.0,5.1
399,WS,127,Flat-fishes,Fish (farmed),0.5,0.8,3.6,0.0,0.1,0.1,0.0,5.1
400,WR,932,Flounder roe (m),Fish (farmed),0.5,0.8,3.6,0.0,0.1,0.1,0.0,5.1
401,WS,932,Flounders,Fish (farmed),0.5,0.8,3.6,0.0,0.1,0.1,0.0,5.1
402,WF,115,Freshwater fish,Fish (farmed),0.5,0.8,3.6,0.0,0.1,0.1,0.0,5.1
403,WS,933,Garfish,Fish (farmed),0.5,0.8,3.6,0.0,0.1,0.1,0.0,5.1
404,WD,-,"German trout, see Trout",Fish (farmed),0.5,0.8,3.6,0.0,0.1,0.1,0.0,5.1
405,WD,-,"Giant sea perch, see Barramundi",Fish (farmed),0.5,0.8,3.6,0.0,0.1,0.1,0.0,5.1
406,WF,862,"Gobies, Freshwater",Fish (farmed),0.5,0.8,3.6,0.0,0.1,0.1,0.0,5.1
407,WF,863,Gourami (Asia),Fish (farmed),0.5,0.8,3.6,0.0,0.1,0.1,0.0,5.1
408,WS,934,Haddock,Fish (farmed),0.5,0.8,3.6,0.0,0.1,0.1,0.0,5.1
409,WS,935,Hakes,Fish (farmed),0.5,0.8,3.6,0.0,0.1,0.1,0.0,5.1
410,WS,936,Halibut,Fish (farmed),0.5,0.8,3.6,0.0,0.1,0.1,0.0,5.1
411,WS,-,"Halibut, Atlantic, see Halibut",Fish (farmed),0.5,0.8,3.6,0.0,0.1,0.1,0.0,5.1
412,WS,-,"Halibut, Greenland, see Halibut",Fish (farmed),0.5,0.8,3.6,0.0,0.1,0.1,0.0,5.1
413,WS,-,"Halibut, Pacific, see Halibut",Fish (farmed),0.5,0.8,3.6,0.0,0.1,0.1,0.0,5.1
414,WS,937,Herring,Fish (farmed),0.5,0.8,3.6,0.0,0.1,0.1,0.0,5.1
415,WR,937,Herring roe (m),Fish (farmed),0.5,0.8,3.6,0.0,0.1,0.1,0.0,5.1
416,WS,-,"Herring, Atlantic, see Herring",Fish (farmed),0.5,0.8,3.6,0.0,0.1,0.1,0.0,5.1
417,WS,-,"Herring, Pacific, see Herring",Fish (farmed),0.5,0.8,3.6,0.0,0.1,0.1,0.0,5.1
418,WS,-,"Horse Mackerel, see Jack Mackerel",Fish (farmed),0.5,0.8,3.6,0.0,0.1,0.1,0.0,5.1
419,WS,-,"Indian mackerel, see Mackerel",Fish (farmed),0.5,0.8,3.6,0.0,0.1,0.1,0.0,5.1
420,WS,938,Jack Mackerel,Fish (farmed),0.5,0.8,3.6,0.0,0.1,0.1,0.0,5.1
421,WD,-,"Keta salmon, see Subgroup Salmon, Pacific",Fish (farmed),0.5,0.8,3.6,0.0,0.1,0.1,0.0,5.1
422,WS,939,King mackerel,Fish (farmed),0.5,0.8,3.6,0.0,0.1,0.1,0.0,5.1
423,WD,-,"King salmon, see Subgroup Salmon, Pacific",Fish (farmed),0.5,0.8,3.6,0.0,0.1,0.1,0.0,5.1
424,WD,-,"Lake trout, see Trout",Fish (farmed),0.5,0.8,3.6,0.0,0.1,0.1,0.0,5.1
425,WS,125,Marine fish,Fish (farmed),0.5,0.8,3.6,0.0,0.1,0.1,0.0,5.1
426,WD,-,"Medium red salmon, see Subgroup Salmon, Pacific",Fish (farmed),0.5,0.8,3.6,0.0,0.1,0.1,0.0,5.1
427,WS,942,Menhaden,Fish (farmed),0.5,0.8,3.6,0.0,0.1,0.1,0.0,5.1
428,WD,891,Milkfish,Fish (farmed),0.5,0.8,3.6,0.0,0.1,0.1,0.0,5.1
429,WF,-,"Mozambique Tilapia, see Tilapia",Fish (farmed),0.5,0.8,3.6,0.0,0.1,0.1,0.0,5.1
430,WR,943,Mullet roe (m),Fish (farmed),0.5,0.8,3.6,0.0,0.1,0.1,0.0,5.1
431,WS,943,Mullets,Fish (farmed),0.5,0.8,3.6,0.0,0.1,0.1,0.0,5.1
432,WD,897,Nile perch,Fish (farmed),0.5,0.8,3.6,0.0,0.1,0.1,0.0,5.1
433,WS,-,"Northern bluefin tuna, see Subgroup Tuna and Bonito",Fish (farmed),0.5,0.8,3.6,0.0,0.1,0.1,0.0,5.1
434,WF,-,"Northern Pike, see Pikes",Fish (farmed),0.5,0.8,3.6,0.0,0.1,0.1,0.0,5.1
435,WS,944,Ocean perch,Fish (farmed),0.5,0.8,3.6,0.0,0.1,0.1,0.0,5.1
436,WS,-,"Oil sardine, see Subgroup Sardines and Sardine-type fishes",Fish (farmed),0.5,0.8,3.6,0.0,0.1,0.1,0.0,5.1
437,WD,-,"Pacific Salmon, see Subgroup Salmon, Pacific",Fish (farmed),0.5,0.8,3.6,0.0,0.1,0.1,0.0,5.1
438,WD,892,Paddle fish,Fish (farmed),0.5,0.8,3.6,0.0,0.1,0.1,0.0,5.1
439,WS,-,"Porbeagle, see Subgroup Sharks",Fish (farmed),0.5,0.8,3.6,0.0,0.1,0.1,0.0,5.1
440,WD,-,"Rainbow trout, see Trout",Fish (farmed),0.5,0.8,3.6,0.0,0.1,0.1,0.0,5.1
441,WS,498,Rays,Fish (farmed),0.5,0.8,3.6,0.0,0.1,0.1,0.0,5.1
442,WS,-,"Requiem shark, see Subgroup Sharks",Fish (farmed),0.5,0.8,3.6,0.0,0.1,0.1,0.0,5.1
443,WF,-,"Rhinofishes, see Carp, Indian",Fish (farmed),0.5,0.8,3.6,0.0,0.1,0.1,0.0,5.1
444,WF,867,Roaches,Fish (farmed),0.5,0.8,3.6,0.0,0.1,0.1,0.0,5.1
445,WS,-,"Salema, see Boque",Fish (farmed),0.5,0.8,3.6,0.0,0.1,0.1,0.0,5.1
446,WR,893,"Salmon roe, Atlantic (d)",Fish (farmed),0.5,0.8,3.6,0.0,0.1,0.1,0.0,5.1
447,WR,121,"Salmon roe, Pacific (d)",Fish (farmed),0.5,0.8,3.6,0.0,0.1,0.1,0.0,5.1
448,WD,893,"Salmon, Atlantic , see Atlantic salmon",Fish (farmed),0.5,0.8,3.6,0.0,0.1,0.1,0.0,5.1
449,WD,121,"Salmon, Pacific",Fish (farmed),0.5,0.8,3.6,0.0,0.1,0.1,0.0,5.1
450,WD,-,"Salmon, Pacific, see Sub-Group Salmon, Pacific at the beginning",Fish (farmed),0.5,0.8,3.6,0.0,0.1,0.1,0.0,5.1
451,WS,957,"Salmon, Threadfin",Fish (farmed),0.5,0.8,3.6,0.0,0.1,0.1,0.0,5.1
452,WS,-,"Sardine, European",Fish (farmed),0.5,0.8,3.6,0.0,0.1,0.1,0.0,5.1
453,WS,-,Sardinella or Oil sardine,Fish (farmed),0.5,0.8,3.6,0.0,0.1,0.1,0.0,5.1
454,WS,130,Sardines and Sardine-type fishes,Fish (farmed),0.5,0.8,3.6,0.0,0.1,0.1,0.0,5.1
455,WS,-,"Scad, see Jack Mackerel",Fish (farmed),0.5,0.8,3.6,0.0,0.1,0.1,0.0,5.1
456,WS,-,"Scorpion fishes, see Ocean Perch",Fish (farmed),0.5,0.8,3.6,0.0,0.1,0.1,0.0,5.1
457,WS,949,See bass,Fish (farmed),0.5,0.8,3.6,0.0,0.1,0.1,0.0,5.1
458,WS,950,Sea bream,Fish (farmed),0.5,0.8,3.6,0.0,0.1,0.1,0.0,5.1
459,WD,-,"Sea catfish, see Group 042: Marine fishes",Fish (farmed),0.5,0.8,3.6,0.0,0.1,0.1,0.0,5.1
460,WS,-,"Sea catfish, see Wolffish",Fish (farmed),0.5,0.8,3.6,0.0,0.1,0.1,0.0,5.1
461,WS,-,"Seerfish, see Spanish Mackerel and King Mackerel",Fish (farmed),0.5,0.8,3.6,0.0,0.1,0.1,0.0,5.1
462,WD,894,Shad,Fish (farmed),0.5,0.8,3.6,0.0,0.1,0.1,0.0,5.1
463,WR,894,Shad roe (d),Fish (farmed),0.5,0.8,3.6,0.0,0.1,0.1,0.0,5.1
464,WL,131,Shark liver (m),Fish (farmed),0.5,0.8,3.6,0.0,0.1,0.1,0.0,5.1
465,WS,-,"Shark, see Subgroup Sharks",Fish (farmed),0.5,0.8,3.6,0.0,0.1,0.1,0.0,5.1
466,WS,131,Sharks,Fish (farmed),0.5,0.8,3.6,0.0,0.1,0.1,0.0,5.1
467,WD,-,"Silver Salmon, see Subgroup Salmon, Pacific",Fish (farmed),0.5,0.8,3.6,0.0,0.1,0.1,0.0,5.1
468,WS,-,"Skipjack Tuna, see Subgroup Tuna and Bonito",Fish (farmed),0.5,0.8,3.6,0.0,0.1,0.1,0.0,5.1
469,WD,895,Smelt,Fish (farmed),0.5,0.8,3.6,0.0,0.1,0.1,0.0,5.1
470,WD,-,"Smelt, European, see Smelt",Fish (farmed),0.5,0.8,3.6,0.0,0.1,0.1,0.0,5.1
471,WD,-,"Smelt, Rainbow, see Smelt",Fish (farmed),0.5,0.8,3.6,0.0,0.1,0.1,0.0,5.1
472,WS,-,"Smooth hounds, see Subgroup Sharks",Fish (farmed),0.5,0.8,3.6,0.0,0.1,0.1,0.0,5.1
473,WD,-,"Sockeye Salmon, see Subgroup Salmon, Pacific",Fish (farmed),0.5,0.8,3.6,0.0,0.1,0.1,0.0,5.1
474,WS,951,Sole,Fish (farmed),0.5,0.8,3.6,0.0,0.1,0.1,0.0,5.1
475,WS,-,"Southern bluefin tuna, see Tuna, Bluefin",Fish (farmed),0.5,0.8,3.6,0.0,0.1,0.1,0.0,5.1
476,WS,-,"Spanish mackerel, see King mackerel",Fish (farmed),0.5,0.8,3.6,0.0,0.1,0.1,0.0,5.1
477,WS,-,"Spiny dogfish, see Subgroup Sharks",Fish (farmed),0.5,0.8,3.6,0.0,0.1,0.1,0.0,5.1
478,WD,-,"Spring salmon, see Subgroup Salmon, Pacific",Fish (farmed),0.5,0.8,3.6,0.0,0.1,0.1,0.0,5.1
479,WD,896,Sturgeon,Fish (farmed),0.5,0.8,3.6,0.0,0.1,0.1,0.0,5.1
480,WR,896,Sturgeon roe (d),Fish (farmed),0.5,0.8,3.6,0.0,0.1,0.1,0.0,5.1
481,WS,-,"Tailor (Australia), see Bluefish",Fish (farmed),0.5,0.8,3.6,0.0,0.1,0.1,0.0,5.1
482,WF,868,Tilapia,Fish (farmed),0.5,0.8,3.6,0.0,0.1,0.1,0.0,5.1
483,WD,123,Trout,Fish (farmed),0.5,0.8,3.6,0.0,0.1,0.1,0.0,5.1
484,WS,132,Tuna and Bonito,Fish (farmed),0.5,0.8,3.6,0.0,0.1,0.1,0.0,5.1
485,WS,-,"Tuna, Bigeye, see Subgroup Tuna and Bonito",Fish (farmed),0.5,0.8,3.6,0.0,0.1,0.1,0.0,5.1
486,WS,-,"Tuna, Blackfin, see Subgroup Tuna and Bonito",Fish (farmed),0.5,0.8,3.6,0.0,0.1,0.1,0.0,5.1
487,WS,-,"Tuna, Bluefin, see Subgroup Tuna and Bonito",Fish (farmed),0.5,0.8,3.6,0.0,0.1,0.1,0.0,5.1
488,WS,-,"Tuna, Longtail, see Subgroup Tuna and Bonito",Fish (farmed),0.5,0.8,3.6,0.0,0.1,0.1,0.0,5.1
489,WS,-,"Tuna, Skipjack, see Subgroup Tuna and Bonito",Fish (farmed),0.5,0.8,3.6,0.0,0.1,0.1,0.0,5.1
490,WS,-,"Tuna, Yellowfin, see Subgroup Tuna and Bonito",Fish (farmed),0.5,0.8,3.6,0.0,0.1,0.1,0.0,5.1
491,WS,952,"Tuna, see also Subgroup Tuna and Bonito",Fish (farmed),0.5,0.8,3.6,0.0,0.1,0.1,0.0,5.1
492,WS,953,Turbot,Fish (farmed),0.5,0.8,3.6,0.0,0.1,0.1,0.0,5.1
493,WF,-,"White crappie, see Perch, white",Fish (farmed),0.5,0.8,3.6,0.0,0.1,0.1,0.0,5.1
494,WF,-,"White perch, see Perch, white",Fish (farmed),0.5,0.8,3.6,0.0,0.1,0.1,0.0,5.1
495,WS,954,Whiting,Fish (farmed),0.5,0.8,3.6,0.0,0.1,0.1,0.0,5.1
496,WS,-,"Witch flounder, see Flounder",Fish (farmed),0.5,0.8,3.6,0.0,0.1,0.1,0.0,5.1
497,WS,955,Wolffish,Fish (farmed),0.5,0.8,3.6,0.0,0.1,0.1,0.0,5.1
498,WS,-,"Yellowfin tuna, see Tuna, Yellowfin",Fish (farmed),0.5,0.8,3.6,0.0,0.1,0.1,0.0,5.1
499,WS,-,"Yellowtail flounder, see Flounder",Fish (farmed),0.5,0.8,3.6,0.0,0.1,0.1,0.0,5.1
500,VO,,"Alkekengi, see Ground cherries",Other Vegetables,0.0,0.0,0.2,0.1,0.2,0.0,0.0,0.5
501,VL,460,Amaranth,Other Vegetables,0.0,0.0,0.2,0.1,0.2,0.0,0.0,0.5
502,VL,-,"Amsoi, see Indian Mustard",Other Vegetables,0.0,0.0,0.2,0.1,0.2,0.0,0.0,0.5
503,HH,720,"Angelica, including Garden Angelica",Other Vegetables,0.0,0.0,0.2,0.1,0.2,0.0,0.0,0.5
504,DH,720,"Angelica, including Garden Angelica (dry)",Other Vegetables,0.0,0.0,0.2,0.1,0.2,0.0,0.0,0.5
505,HH,755,Aniseed myrtle,Other Vegetables,0.0,0.0,0.2,0.1,0.2,0.0,0.0,0.5
506,VL,511,Beefstaek plant,Other Vegetables,0.0,0.0,0.2,0.1,0.2,0.0,0.0,0.5
507,VL,-,"Beet leaves, see Chard",Other Vegetables,0.0,0.0,0.2,0.1,0.2,0.0,0.0,0.5
508,VO,-,"Bell pepper, see Peppers, Sweet",Other Vegetables,0.0,0.0,0.2,0.1,0.2,0.0,0.0,0.5
509,VL,461,Betel leaves,Other Vegetables,0.0,0.0,0.2,0.1,0.2,0.0,0.0,0.5
510,VL,-,"Bitter cucumber leaves, see Balsam pear leaves",Other Vegetables,0.0,0.0,0.2,0.1,0.2,0.0,0.0,0.5
511,VC,-,"Bitter cucumber, see Balsam pear",Other Vegetables,0.0,0.0,0.2,0.1,0.2,0.0,0.0,0.5
512,VC,-,"Bitter gourd, see Balsam pear",Other Vegetables,0.0,0.0,0.2,0.1,0.2,0.0,0.0,0.5
513,VC,-,"Bitter melon, see Balsam pear",Other Vegetables,0.0,0.0,0.2,0.1,0.2,0.0,0.0,0.5
514,VL,-,Blackjack,Other Vegetables,0.0,0.0,0.2,0.1,0.2,0.0,0.0,0.5
515,VL,-,"Bledo, see Amaranth",Other Vegetables,0.0,0.0,0.2,0.1,0.2,0.0,0.0,0.5
516,HH,724,Borage,Other Vegetables,0.0,0.0,0.2,0.1,0.2,0.0,0.0,0.5
517,DH,724,"Borage, dry",Other Vegetables,0.0,0.0,0.2,0.1,0.2,0.0,0.0,0.5
518,VL,-,"Borecole, see Kale, curly",Other Vegetables,0.0,0.0,0.2,0.1,0.2,0.0,0.0,0.5
519,VC,422,Bottle Gourd,Other Vegetables,0.0,0.0,0.2,0.1,0.2,0.0,0.0,0.5
520,VL,462,Box thorn,Other Vegetables,0.0,0.0,0.2,0.1,0.2,0.0,0.0,0.5
521,VL,512,Bracken fern,Other Vegetables,0.0,0.0,0.2,0.1,0.2,0.0,0.0,0.5
522,VL,54,Brassica leafy vegetables,Other Vegetables,0.0,0.0,0.2,0.1,0.2,0.0,0.0,0.5
523,VL,-,Broccoli raab,Other Vegetables,0.0,0.0,0.2,0.1,0.2,0.0,0.0,0.5
524,VL,513,Buffalo spinach,Other Vegetables,0.0,0.0,0.2,0.1,0.2,0.0,0.0,0.5
525,VC,-,"Casaba or Casaba melon, see Subgroup Melons, except",Other Vegetables,0.0,0.0,0.2,0.1,0.2,0.0,0.0,0.5
526,VL,463,Cassava leaves,Other Vegetables,0.0,0.0,0.2,0.1,0.2,0.0,0.0,0.5
527,HH,726,Catmint,Other Vegetables,0.0,0.0,0.2,0.1,0.2,0.0,0.0,0.5
528,DH,726,"Catmint, dry",Other Vegetables,0.0,0.0,0.2,0.1,0.2,0.0,0.0,0.5
529,HH,-,"Catnip, see Catmint",Other Vegetables,0.0,0.0,0.2,0.1,0.2,0.0,0.0,0.5
530,VL,-,"Celery cabbage, see Chinese cabbage",Other Vegetables,0.0,0.0,0.2,0.1,0.2,0.0,0.0,0.5
531,HH,624,Celery leaves,Other Vegetables,0.0,0.0,0.2,0.1,0.2,0.0,0.0,0.5
532,DH,624,"Celery leaves, dry",Other Vegetables,0.0,0.0,0.2,0.1,0.2,0.0,0.0,0.5
533,VS,-,"Celery leaves, see Herbs: Group 027",Other Vegetables,0.0,0.0,0.2,0.1,0.2,0.0,0.0,0.5
534,VL,-,"Celery mustard, see Pak-choi or Paksoi",Other Vegetables,0.0,0.0,0.2,0.1,0.2,0.0,0.0,0.5
535,VS,625,Celtuce,Other Vegetables,0.0,0.0,0.2,0.1,0.2,0.0,0.0,0.5
536,VL,464,Chard,Other Vegetables,0.0,0.0,0.2,0.1,0.2,0.0,0.0,0.5
537,VC,423,Chayote,Other Vegetables,0.0,0.0,0.2,0.1,0.2,0.0,0.0,0.5
538,VO,-,"Cherry pepper, see Peppers, Chili",Other Vegetables,0.0,0.0,0.2,0.1,0.2,0.0,0.0,0.5
539,VO,-,"Cherry tomato, see Ground cherries",Other Vegetables,0.0,0.0,0.2,0.1,0.2,0.0,0.0,0.5
540,VL,465,Chervil,Other Vegetables,0.0,0.0,0.2,0.1,0.2,0.0,0.0,0.5
541,HH,-,"Chervil, see Group 013: Leafy vegetables",Other Vegetables,0.0,0.0,0.2,0.1,0.2,0.0,0.0,0.5
542,VL,469,Chicory leaves (green and red cultivars),Other Vegetables,0.0,0.0,0.2,0.1,0.2,0.0,0.0,0.5
543,VC,434,Chilacayote,Other Vegetables,0.0,0.0,0.2,0.1,0.2,0.0,0.0,0.5
544,VO,-,"Chilli peppers, see Peppers, Chili",Other Vegetables,0.0,0.0,0.2,0.1,0.2,0.0,0.0,0.5
545,VL,467,"Chinese cabbage, (type Pe-tsai)",Other Vegetables,0.0,0.0,0.2,0.1,0.2,0.0,0.0,0.5
546,VL,602,Chinese keys,Other Vegetables,0.0,0.0,0.2,0.1,0.2,0.0,0.0,0.5
547,VO,-,"Chinese lantern plant, see Ground cherries",Other Vegetables,0.0,0.0,0.2,0.1,0.2,0.0,0.0,0.5
548,VL,603,Chinese waterchestnut,Other Vegetables,0.0,0.0,0.2,0.1,0.2,0.0,0.0,0.5
549,HH,727,Chives,Other Vegetables,0.0,0.0,0.2,0.1,0.2,0.0,0.0,0.5
550,HH,-,"Chives, Chinese, see Chives",Other Vegetables,0.0,0.0,0.2,0.1,0.2,0.0,0.0,0.5
551,VL,468,Choisum,Other Vegetables,0.0,0.0,0.2,0.1,0.2,0.0,0.0,0.5
552,VC,-,"Christophine, see Chaoyote",Other Vegetables,0.0,0.0,0.2,0.1,0.2,0.0,0.0,0.5
553,VL,470,Corn salad,Other Vegetables,0.0,0.0,0.2,0.1,0.2,0.0,0.0,0.5
554,VO,-,"Corn-on-the-cob, see Sweet corn (corn-on-the-cob)",Other Vegetables,0.0,0.0,0.2,0.1,0.2,0.0,0.0,0.5
555,VL,510,Cos lettuce,Other Vegetables,0.0,0.0,0.2,0.1,0.2,0.0,0.0,0.5
556,HH,-,"Costmary, see Tansy (and related species)",Other Vegetables,0.0,0.0,0.2,0.1,0.2,0.0,0.0,0.5
557,VC,-,"Courgette, see Squash, Summer",Other Vegetables,0.0,0.0,0.2,0.1,0.2,0.0,0.0,0.5
558,VL,-,"Cowslip, see Marsh marigold",Other Vegetables,0.0,0.0,0.2,0.1,0.2,0.0,0.0,0.5
559,VL,472,"Cress, Garden",Other Vegetables,0.0,0.0,0.2,0.1,0.2,0.0,0.0,0.5
560,DH,-,"Cretan Dittany,dry, see Burning bush, dry",Other Vegetables,0.0,0.0,0.2,0.1,0.2,0.0,0.0,0.5
561,HH,-,"Cretan Dittany, see Burning bush",Other Vegetables,0.0,0.0,0.2,0.1,0.2,0.0,0.0,0.5
562,VL,-,"Crisphead lettuce, see Lettuce, Head",Other Vegetables,0.0,0.0,0.2,0.1,0.2,0.0,0.0,0.5
563,VC,424,Cucumber,Other Vegetables,0.0,0.0,0.2,0.1,0.2,0.0,0.0,0.5
564,VC,-,"Cucuzzi, see Bottle Gourd",Other Vegetables,0.0,0.0,0.2,0.1,0.2,0.0,0.0,0.5
565,VL,-,"Curly kale, see Kale, curly",Other Vegetables,0.0,0.0,0.2,0.1,0.2,0.0,0.0,0.5
566,HH,729,Curry leaves,Other Vegetables,0.0,0.0,0.2,0.1,0.2,0.0,0.0,0.5
567,VC,-,"Cushaws, see Pumpkins",Other Vegetables,0.0,0.0,0.2,0.1,0.2,0.0,0.0,0.5
568,VL,-,"Cutting lettuce, see Lettuce, Leaf",Other Vegetables,0.0,0.0,0.2,0.1,0.2,0.0,0.0,0.5
569,VL,474,Dandelion,Other Vegetables,0.0,0.0,0.2,0.1,0.2,0.0,0.0,0.5
570,HH,730,Dill,Other Vegetables,0.0,0.0,0.2,0.1,0.2,0.0,0.0,0.5
571,VL,475,Dock,Other Vegetables,0.0,0.0,0.2,0.1,0.2,0.0,0.0,0.5
572,DH,170,Dried herbs,Other Vegetables,0.0,0.0,0.2,0.1,0.2,0.0,0.0,0.5
573,VO,440,Egg plant,Other Vegetables,0.0,0.0,0.2,0.1,0.2,0.0,0.0,0.5
574,VL,476,Endive,Other Vegetables,0.0,0.0,0.2,0.1,0.2,0.0,0.0,0.5
575,VL,-,"Endive, broad or plain leaved, see Endive",Other Vegetables,0.0,0.0,0.2,0.1,0.2,0.0,0.0,0.5
576,VL,-,"Endive, curled, see Endive",Other Vegetables,0.0,0.0,0.2,0.1,0.2,0.0,0.0,0.5
577,HH,-,"Estragon, see Tarragon",Other Vegetables,0.0,0.0,0.2,0.1,0.2,0.0,0.0,0.5
578,VL,514,Fame flower,Other Vegetables,0.0,0.0,0.2,0.1,0.2,0.0,0.0,0.5
579,HH,731,Fennel,Other Vegetables,0.0,0.0,0.2,0.1,0.2,0.0,0.0,0.5
580,HH,-,"Fennel, Bulb, see Group 009: Bulb vegetables, No. VA 0380",Other Vegetables,0.0,0.0,0.2,0.1,0.2,0.0,0.0,0.5
581,VL,-,"Fennel, Bulb, see Group 009: Bulb vegetables",Other Vegetables,0.0,0.0,0.2,0.1,0.2,0.0,0.0,0.5
582,DH,731,"Fennel, dry",Other Vegetables,0.0,0.0,0.2,0.1,0.2,0.0,0.0,0.5
583,VL,-,"Fennel, see Group 027: Herbs",Other Vegetables,0.0,0.0,0.2,0.1,0.2,0.0,0.0,0.5
584,VL,515,Foo Yip,Other Vegetables,0.0,0.0,0.2,0.1,0.2,0.0,0.0,0.5
585,VC,45,"Fruiting vegetables, Cucurbits",Other Vegetables,0.0,0.0,0.2,0.1,0.2,0.0,0.0,0.5
586,VO,50,"Fruiting vegetables, other than Cucurbits",Other Vegetables,0.0,0.0,0.2,0.1,0.2,0.0,0.0,0.5
587,VO,449,"Fungi, Edible (not including mushrooms)",Other Vegetables,0.0,0.0,0.2,0.1,0.2,0.0,0.0,0.5
588,VO,-,"Fungus â€œChanterelleâ€, see Fungi, Edible",Other Vegetables,0.0,0.0,0.2,0.1,0.2,0.0,0.0,0.5
589,VL,-,"Garden cress, see Cress, Garden",Other Vegetables,0.0,0.0,0.2,0.1,0.2,0.0,0.0,0.5
590,HH,759,"Geranium (scented, lemon, rose)",Other Vegetables,0.0,0.0,0.2,0.1,0.2,0.0,0.0,0.5
591,VC,425,Gherkin,Other Vegetables,0.0,0.0,0.2,0.1,0.2,0.0,0.0,0.5
592,VC,426,"Gherkin, West Indian",Other Vegetables,0.0,0.0,0.2,0.1,0.2,0.0,0.0,0.5
593,VO,-,"Golden berry, see Ground cherries",Other Vegetables,0.0,0.0,0.2,0.1,0.2,0.0,0.0,0.5
594,VL,477,Goosefoot,Other Vegetables,0.0,0.0,0.2,0.1,0.2,0.0,0.0,0.5
595,VL,-,"Gow Kee, see Box thorn",Other Vegetables,0.0,0.0,0.2,0.1,0.2,0.0,0.0,0.5
596,VL,269,Grape leaves,Other Vegetables,0.0,0.0,0.2,0.1,0.2,0.0,0.0,0.5
597,VO,441,Ground cherries,Other Vegetables,0.0,0.0,0.2,0.1,0.2,0.0,0.0,0.5
598,HH,92,Herbs,Other Vegetables,0.0,0.0,0.2,0.1,0.2,0.0,0.0,0.5
599,DH,1100,"Hops, dry",Other Vegetables,0.0,0.0,0.2,0.1,0.2,0.0,0.0,0.5
600,HH,732,Horehound,Other Vegetables,0.0,0.0,0.2,0.1,0.2,0.0,0.0,0.5
601,DH,732,"Horehound, dry",Other Vegetables,0.0,0.0,0.2,0.1,0.2,0.0,0.0,0.5
602,VO,-,"Husk tomato, see Ground cherries",Other Vegetables,0.0,0.0,0.2,0.1,0.2,0.0,0.0,0.5
603,HH,733,Hyssop,Other Vegetables,0.0,0.0,0.2,0.1,0.2,0.0,0.0,0.5
604,DH,733,"Hyssop, dry",Other Vegetables,0.0,0.0,0.2,0.1,0.2,0.0,0.0,0.5
605,VL,478,Indian mustard,Other Vegetables,0.0,0.0,0.2,0.1,0.2,0.0,0.0,0.5
606,VL,-,"Jamaican sorrel, see Roselle leaves",Other Vegetables,0.0,0.0,0.2,0.1,0.2,0.0,0.0,0.5
607,VS,628,Japanese flowering fern,Other Vegetables,0.0,0.0,0.2,0.1,0.2,0.0,0.0,0.5
608,HH,-,Japanese ginger,Other Vegetables,0.0,0.0,0.2,0.1,0.2,0.0,0.0,0.5
609,VL,479,"Japanese greens, various species, a.o.",Other Vegetables,0.0,0.0,0.2,0.1,0.2,0.0,0.0,0.5
610,VL,516,Jew mallow,Other Vegetables,0.0,0.0,0.2,0.1,0.2,0.0,0.0,0.5
611,HH,760,Kafir lime leaves,Other Vegetables,0.0,0.0,0.2,0.1,0.2,0.0,0.0,0.5
612,VL,480,"Kale (including among others: Collards, Curly kale, Scotch kale,",Other Vegetables,0.0,0.0,0.2,0.1,0.2,0.0,0.0,0.5
613,VL,-,"Kale, curly, see Kale",Other Vegetables,0.0,0.0,0.2,0.1,0.2,0.0,0.0,0.5
614,VL,507,Kangkung,Other Vegetables,0.0,0.0,0.2,0.1,0.2,0.0,0.0,0.5
615,VC,435,Kiwano,Other Vegetables,0.0,0.0,0.2,0.1,0.2,0.0,0.0,0.5
616,VL,481,Komatsuma,Other Vegetables,0.0,0.0,0.2,0.1,0.2,0.0,0.0,0.5
617,VO,-,"Ladyâ€™s finger, see Okra",Other Vegetables,0.0,0.0,0.2,0.1,0.2,0.0,0.0,0.5
618,VL,-,"Lambs lettuce, see Corn salad",Other Vegetables,0.0,0.0,0.2,0.1,0.2,0.0,0.0,0.5
619,HH,734,Lavender,Other Vegetables,0.0,0.0,0.2,0.1,0.2,0.0,0.0,0.5
620,DH,734,"Lavender, dry",Other Vegetables,0.0,0.0,0.2,0.1,0.2,0.0,0.0,0.5
621,VL,53,Leafy vegetables,Other Vegetables,0.0,0.0,0.2,0.1,0.2,0.0,0.0,0.5
622,HH,761,lemongrass,Other Vegetables,0.0,0.0,0.2,0.1,0.2,0.0,0.0,0.5
623,HH,762,Lemon myrtle,Other Vegetables,0.0,0.0,0.2,0.1,0.2,0.0,0.0,0.5
624,VL,484,Mallow,Other Vegetables,0.0,0.0,0.2,0.1,0.2,0.0,0.0,0.5
625,HH,737,Marigold flowers,Other Vegetables,0.0,0.0,0.2,0.1,0.2,0.0,0.0,0.5
626,HH,736,Marjoram,Other Vegetables,0.0,0.0,0.2,0.1,0.2,0.0,0.0,0.5
627,HH,-,"Marjoram, Sweet, see Marjoram",Other Vegetables,0.0,0.0,0.2,0.1,0.2,0.0,0.0,0.5
628,HH,-,"Marjoram, Wild, see Marjoram",Other Vegetables,0.0,0.0,0.2,0.1,0.2,0.0,0.0,0.5
629,DH,736,"Marjoram, dry",Other Vegetables,0.0,0.0,0.2,0.1,0.2,0.0,0.0,0.5
630,VC,-,"Marrow, see Squash, Summer",Other Vegetables,0.0,0.0,0.2,0.1,0.2,0.0,0.0,0.5
631,VL,471,Marsh marigold,Other Vegetables,0.0,0.0,0.2,0.1,0.2,0.0,0.0,0.5
632,VL,-,"Matrimony vine, see Box thorn",Other Vegetables,0.0,0.0,0.2,0.1,0.2,0.0,0.0,0.5
633,VL,517,Melientha,Other Vegetables,0.0,0.0,0.2,0.1,0.2,0.0,0.0,0.5
634,HH,763,"Melilot, field",Other Vegetables,0.0,0.0,0.2,0.1,0.2,0.0,0.0,0.5
635,VO,-,"Melon pear, see Pepino",Other Vegetables,0.0,0.0,0.2,0.1,0.2,0.0,0.0,0.5
636,VC,-,"Melon, Crenshaw, see Subgroup Melons, except Watermelon",Other Vegetables,0.0,0.0,0.2,0.1,0.2,0.0,0.0,0.5
637,VC,-,"Melon, Honey Ball, see Subgroup Melons, except Watermelon",Other Vegetables,0.0,0.0,0.2,0.1,0.2,0.0,0.0,0.5
638,VC,-,"Melon, Honeydew, see Subgroup Melons, except Watermelon",Other Vegetables,0.0,0.0,0.2,0.1,0.2,0.0,0.0,0.5
639,VC,-,"Melon, Mango, see Subgroup Melons, except Watermelon",Other Vegetables,0.0,0.0,0.2,0.1,0.2,0.0,0.0,0.5
640,VC,-,"Melon, Netted, see Subgroup Melons, except Watermelon",Other Vegetables,0.0,0.0,0.2,0.1,0.2,0.0,0.0,0.5
641,VC,-,"Melon, Oriental Pickling, see Subgroup Melons, except",Other Vegetables,0.0,0.0,0.2,0.1,0.2,0.0,0.0,0.5
642,VC,-,"Melon, Persian, see Subgroup Melons, except Watermelon",Other Vegetables,0.0,0.0,0.2,0.1,0.2,0.0,0.0,0.5
643,VC,-,"Melon, Pomegranate, see Subgroup Melons, except Watermelon",Other Vegetables,0.0,0.0,0.2,0.1,0.2,0.0,0.0,0.5
644,VC,-,"Melon, Serpent, see Subgroup Melons, except Watermelon",Other Vegetables,0.0,0.0,0.2,0.1,0.2,0.0,0.0,0.5
645,VC,-,"Melon, Snake, see Subgroup Melons, except Watermelon",Other Vegetables,0.0,0.0,0.2,0.1,0.2,0.0,0.0,0.5
646,VC,-,"Melon, White-skinned, see Subgroup Melons, except Watermelon",Other Vegetables,0.0,0.0,0.2,0.1,0.2,0.0,0.0,0.5
647,VC,-,"Melon, Winter, see Subgroup Melons, except Watermelon",Other Vegetables,0.0,0.0,0.2,0.1,0.2,0.0,0.0,0.5
648,VC,46,"Melons, except Watermelon",Other Vegetables,0.0,0.0,0.2,0.1,0.2,0.0,0.0,0.5
649,HH,738,Mints,Other Vegetables,0.0,0.0,0.2,0.1,0.2,0.0,0.0,0.5
650,DH,738,"Mints, dry",Other Vegetables,0.0,0.0,0.2,0.1,0.2,0.0,0.0,0.5
651,HH,-,"Mugwort, see Wormwoods",Other Vegetables,0.0,0.0,0.2,0.1,0.2,0.0,0.0,0.5
652,VO,450,Mushrooms,Other Vegetables,0.0,0.0,0.2,0.1,0.2,0.0,0.0,0.5
653,VC,-,"Muskmelon, see Subgroup Melons, except Watermelon",Other Vegetables,0.0,0.0,0.2,0.1,0.2,0.0,0.0,0.5
654,VL,485,Mustard greens,Other Vegetables,0.0,0.0,0.2,0.1,0.2,0.0,0.0,0.5
655,VL,-,"Mustard spinach, see Komatsuma",Other Vegetables,0.0,0.0,0.2,0.1,0.2,0.0,0.0,0.5
656,VL,-,"Mustard, Indian, see Indian Mustard",Other Vegetables,0.0,0.0,0.2,0.1,0.2,0.0,0.0,0.5
657,HH,-,"Myrrh, see Sweet Cicely",Other Vegetables,0.0,0.0,0.2,0.1,0.2,0.0,0.0,0.5
658,VL,-,"Namenia, see Turnip greens",Other Vegetables,0.0,0.0,0.2,0.1,0.2,0.0,0.0,0.5
659,VO,-,"Naranjilla, see Group 006: Assorted tropical and sub-tropical fruits",Other Vegetables,0.0,0.0,0.2,0.1,0.2,0.0,0.0,0.5
660,HH,739,"Nasturtium, Garden, leaves",Other Vegetables,0.0,0.0,0.2,0.1,0.2,0.0,0.0,0.5
661,HH,764,Native mint,Other Vegetables,0.0,0.0,0.2,0.1,0.2,0.0,0.0,0.5
662,VL,486,New Zealand spinach,Other Vegetables,0.0,0.0,0.2,0.1,0.2,0.0,0.0,0.5
663,VL,487,"Nightshade, Black",Other Vegetables,0.0,0.0,0.2,0.1,0.2,0.0,0.0,0.5
664,VO,442,Okra,Other Vegetables,0.0,0.0,0.2,0.1,0.2,0.0,0.0,0.5
665,VL,488,Orach,Other Vegetables,0.0,0.0,0.2,0.1,0.2,0.0,0.0,0.5
666,DH,-,"Oregano (= wild marjoram) dry, see Marjoram",Other Vegetables,0.0,0.0,0.2,0.1,0.2,0.0,0.0,0.5
667,HH,-,"Oregano, see Marjoram",Other Vegetables,0.0,0.0,0.2,0.1,0.2,0.0,0.0,0.5
668,VL,466,Pak-choi or Paksoi,Other Vegetables,0.0,0.0,0.2,0.1,0.2,0.0,0.0,0.5
669,VL,-,"Pak-tsai, see Chinse cabbage, (type Pe-tsai)",Other Vegetables,0.0,0.0,0.2,0.1,0.2,0.0,0.0,0.5
670,VL,-,"Pak-tsoi or Pak-soi, see Pak-choi or Paksoi",Other Vegetables,0.0,0.0,0.2,0.1,0.2,0.0,0.0,0.5
671,VS,626,Palm hearts,Other Vegetables,0.0,0.0,0.2,0.1,0.2,0.0,0.0,0.5
672,VL,337,Papaya leaves,Other Vegetables,0.0,0.0,0.2,0.1,0.2,0.0,0.0,0.5
673,VO,-,"Paprika, see Peppers, Sweet",Other Vegetables,0.0,0.0,0.2,0.1,0.2,0.0,0.0,0.5
674,VC,429,Pumpkins,Other Vegetables,0.0,0.0,0.2,0.1,0.2,0.0,0.0,0.5
675,VL,492,Purslane,Other Vegetables,0.0,0.0,0.2,0.1,0.2,0.0,0.0,0.5
676,VL,492,"Purslane, Winter",Other Vegetables,0.0,0.0,0.2,0.1,0.2,0.0,0.0,0.5
677,VO,-,"Quito orange, see Naranjilla",Other Vegetables,0.0,0.0,0.2,0.1,0.2,0.0,0.0,0.5
678,VL,494,Radish leaves (including Radish tops),Other Vegetables,0.0,0.0,0.2,0.1,0.2,0.0,0.0,0.5
679,VL,495,Rape greens,Other Vegetables,0.0,0.0,0.2,0.1,0.2,0.0,0.0,0.5
680,VL,-,"Red-leaved chicory, see Chicory leaves",Other Vegetables,0.0,0.0,0.2,0.1,0.2,0.0,0.0,0.5
681,VS,627,Rhubarb,Other Vegetables,0.0,0.0,0.2,0.1,0.2,0.0,0.0,0.5
682,VL,-,"Rocket salad, see Rucola",Other Vegetables,0.0,0.0,0.2,0.1,0.2,0.0,0.0,0.5
683,VL,-,"Roquette, see Rucola",Other Vegetables,0.0,0.0,0.2,0.1,0.2,0.0,0.0,0.5
684,VO,446,Roselle,Other Vegetables,0.0,0.0,0.2,0.1,0.2,0.0,0.0,0.5
685,VL,446,Roselle leaves,Other Vegetables,0.0,0.0,0.2,0.1,0.2,0.0,0.0,0.5
686,HH,741,Rosemary,Other Vegetables,0.0,0.0,0.2,0.1,0.2,0.0,0.0,0.5
687,DH,741,"Rosemary, dry",Other Vegetables,0.0,0.0,0.2,0.1,0.2,0.0,0.0,0.5
688,VL,496,Rucola,Other Vegetables,0.0,0.0,0.2,0.1,0.2,0.0,0.0,0.5
689,HH,742,Rue,Other Vegetables,0.0,0.0,0.2,0.1,0.2,0.0,0.0,0.5
690,DH,742,"Rue, dry",Other Vegetables,0.0,0.0,0.2,0.1,0.2,0.0,0.0,0.5
691,VL,497,Rutabaga greens,Other Vegetables,0.0,0.0,0.2,0.1,0.2,0.0,0.0,0.5
692,HH,743,Sage and related Salvia species,Other Vegetables,0.0,0.0,0.2,0.1,0.2,0.0,0.0,0.5
693,DH,743,"Sage, dry",Other Vegetables,0.0,0.0,0.2,0.1,0.2,0.0,0.0,0.5
694,VL,498,Salsify leaves,Other Vegetables,0.0,0.0,0.2,0.1,0.2,0.0,0.0,0.5
695,HH,744,Sassafras leaves,Other Vegetables,0.0,0.0,0.2,0.1,0.2,0.0,0.0,0.5
696,HH,745,"Savory, Summer; Winter",Other Vegetables,0.0,0.0,0.2,0.1,0.2,0.0,0.0,0.5
697,DH,745,"Savory, Summer; Winter, dry",Other Vegetables,0.0,0.0,0.2,0.1,0.2,0.0,0.0,0.5
698,VL,499,Sea kale,Other Vegetables,0.0,0.0,0.2,0.1,0.2,0.0,0.0,0.5
699,VL,500,Senna leaves,Other Vegetables,0.0,0.0,0.2,0.1,0.2,0.0,0.0,0.5
700,VL,-,"Silver beet, see Chard",Other Vegetables,0.0,0.0,0.2,0.1,0.2,0.0,0.0,0.5
701,VC,-,"Sinkwa or Sinkwa towel gourd, see Loofah, Angled",Other Vegetables,0.0,0.0,0.2,0.1,0.2,0.0,0.0,0.5
702,VC,430,Snake gourd,Other Vegetables,0.0,0.0,0.2,0.1,0.2,0.0,0.0,0.5
703,HH,746,"Sorrel, Common, and related Rumex species",Other Vegetables,0.0,0.0,0.2,0.1,0.2,0.0,0.0,0.5
704,VL,-,"Sorrel, Jamaican, see Roselle leaves",Other Vegetables,0.0,0.0,0.2,0.1,0.2,0.0,0.0,0.5
705,HH,-,"Southernwood, see Wormwoods",Other Vegetables,0.0,0.0,0.2,0.1,0.2,0.0,0.0,0.5
706,VL,501,Sowthistle,Other Vegetables,0.0,0.0,0.2,0.1,0.2,0.0,0.0,0.5
707,HH,-,"Spearmint, see Mints",Other Vegetables,0.0,0.0,0.2,0.1,0.2,0.0,0.0,0.5
708,VL,502,Spinach,Other Vegetables,0.0,0.0,0.2,0.1,0.2,0.0,0.0,0.5
709,VL,-,"Spinach beet, see Chard",Other Vegetables,0.0,0.0,0.2,0.1,0.2,0.0,0.0,0.5
710,VL,503,"Spinach, Indian",Other Vegetables,0.0,0.0,0.2,0.1,0.2,0.0,0.0,0.5
711,VC,-,"Sponge gourd, see Loofah, Smooth",Other Vegetables,0.0,0.0,0.2,0.1,0.2,0.0,0.0,0.5
712,VC,431,"Squash, Summer",Other Vegetables,0.0,0.0,0.2,0.1,0.2,0.0,0.0,0.5
713,VC,-,"Squash, White Bush, see Squash, Summer",Other Vegetables,0.0,0.0,0.2,0.1,0.2,0.0,0.0,0.5
714,VC,-,"Squash, see Squash, Summer, and Winter Squash",Other Vegetables,0.0,0.0,0.2,0.1,0.2,0.0,0.0,0.5
715,VS,78,Stalk and stem vegetables,Other Vegetables,0.0,0.0,0.2,0.1,0.2,0.0,0.0,0.5
716,HH,-,Stink weed,Other Vegetables,0.0,0.0,0.2,0.1,0.2,0.0,0.0,0.5
717,VO,-,"Strawberry tomato, see Ground cherries",Other Vegetables,0.0,0.0,0.2,0.1,0.2,0.0,0.0,0.5
718,VL,-,"Sugar loaf, see Chicory leaves",Other Vegetables,0.0,0.0,0.2,0.1,0.2,0.0,0.0,0.5
719,HH,747,Sweet cicely,Other Vegetables,0.0,0.0,0.2,0.1,0.2,0.0,0.0,0.5
720,DH,747,"Sweet cicely, dry",Other Vegetables,0.0,0.0,0.2,0.1,0.2,0.0,0.0,0.5
721,VO,447,"Sweet corn (corn-on-the-cob), see definition in Codex Stan. 133-",Other Vegetables,0.0,0.0,0.2,0.1,0.2,0.0,0.0,0.5
722,VO,1275,"Sweet corn (kernels) , see definition in Codex Stan. 133-1981",Other Vegetables,0.0,0.0,0.2,0.1,0.2,0.0,0.0,0.5
723,VL,508,"Sweet potato, leaves",Other Vegetables,0.0,0.0,0.2,0.1,0.2,0.0,0.0,0.5
724,VL,-,"Swiss chard, see Chard",Other Vegetables,0.0,0.0,0.2,0.1,0.2,0.0,0.0,0.5
725,VL,504,Tannia leaves,Other Vegetables,0.0,0.0,0.2,0.1,0.2,0.0,0.0,0.5
726,HH,748,Tansy and related species,Other Vegetables,0.0,0.0,0.2,0.1,0.2,0.0,0.0,0.5
727,DH,748,"Tansy and related species, dry",Other Vegetables,0.0,0.0,0.2,0.1,0.2,0.0,0.0,0.5
728,VL,505,Taro leaves,Other Vegetables,0.0,0.0,0.2,0.1,0.2,0.0,0.0,0.5
729,HH,749,Tarragon,Other Vegetables,0.0,0.0,0.2,0.1,0.2,0.0,0.0,0.5
730,VL,-,"Tendergreen, see Turnip greens",Other Vegetables,0.0,0.0,0.2,0.1,0.2,0.0,0.0,0.5
731,HH,750,Thyme,Other Vegetables,0.0,0.0,0.2,0.1,0.2,0.0,0.0,0.5
732,DH,750,"Thyme, dry",Other Vegetables,0.0,0.0,0.2,0.1,0.2,0.0,0.0,0.5
733,VO,-,"Tomatillo, see Ground cherries",Other Vegetables,0.0,0.0,0.2,0.1,0.2,0.0,0.0,0.5
734,VO,448,Tomato,Other Vegetables,0.0,0.0,0.2,0.1,0.2,0.0,0.0,0.5
735,VO,-,"Tree melon, see Pepino",Other Vegetables,0.0,0.0,0.2,0.1,0.2,0.0,0.0,0.5
736,VL,-,"Tsai shim, see Choisum",Other Vegetables,0.0,0.0,0.2,0.1,0.2,0.0,0.0,0.5
737,VL,-,"Tsoi sum, see Choisum",Other Vegetables,0.0,0.0,0.2,0.1,0.2,0.0,0.0,0.5
738,VL,506,Turnip greens,Other Vegetables,0.0,0.0,0.2,0.1,0.2,0.0,0.0,0.5
739,HH,760,White ginger,Other Vegetables,0.0,0.0,0.2,0.1,0.2,0.0,0.0,0.5
740,HH,751,"Winter cress, Common; American",Other Vegetables,0.0,0.0,0.2,0.1,0.2,0.0,0.0,0.5
741,VC,-,"Winter melon, see Melon, Winter",Other Vegetables,0.0,0.0,0.2,0.1,0.2,0.0,0.0,0.5
742,VC,433,"Winter squash, see also Pumpkins",Other Vegetables,0.0,0.0,0.2,0.1,0.2,0.0,0.0,0.5
743,HH,751,Wintergreen leaves,Other Vegetables,0.0,0.0,0.2,0.1,0.2,0.0,0.0,0.5
744,DH,752,"Wintergreen leaves, dry",Other Vegetables,0.0,0.0,0.2,0.1,0.2,0.0,0.0,0.5
745,VS,469,Witloof chicory (sprouts),Other Vegetables,0.0,0.0,0.2,0.1,0.2,0.0,0.0,0.5
746,HH,753,Woodruff,Other Vegetables,0.0,0.0,0.2,0.1,0.2,0.0,0.0,0.5
747,DH,753,"Woodruff, dry",Other Vegetables,0.0,0.0,0.2,0.1,0.2,0.0,0.0,0.5
748,HH,754,Wormwoods,Other Vegetables,0.0,0.0,0.2,0.1,0.2,0.0,0.0,0.5
749,DH,754,"Wormwoods, dry",Other Vegetables,0.0,0.0,0.2,0.1,0.2,0.0,0.0,0.5
750,VL,-,"Yautia leaves, see Tannia leaves",Other Vegetables,0.0,0.0,0.2,0.1,0.2,0.0,0.0,0.5
751,VC,,Zucchetti,Other Vegetables,0.0,0.0,0.2,0.1,0.2,0.0,0.0,0.5
752,VC,,Zucchini,Other Vegetables,0.0,0.0,0.2,0.1,0.2,0.0,0.0,0.5
753,TN,660,Almonds,Nuts,-2.1,0.0,2.1,0.0,0.1,0.1,0.0,0.2
754,TN,661,Beech nuts,Nuts,-2.1,0.0,2.1,0.0,0.1,0.1,0.0,0.2
755,TN,662,Brazil nut,Nuts,-2.1,0.0,2.1,0.0,0.1,0.1,0.0,0.2
756,TN,679,Brazilian pine,Nuts,-2.1,0.0,2.1,0.0,0.1,0.1,0.0,0.2
757,TN,680,Castanha-do-maranhÃ£o,Nuts,-2.1,0.0,2.1,0.0,0.1,0.1,0.0,0.2
758,TN,295,Cashew nut,Nuts,-2.1,0.0,2.1,0.0,0.1,0.1,0.0,0.2
759,TN,664,Chestnuts,Nuts,-2.1,0.0,2.1,0.0,0.1,0.1,0.0,0.2
760,TN,-,"Chinquapin, see Chestnuts",Nuts,-2.1,0.0,2.1,0.0,0.1,0.1,0.0,0.2
761,TN,-,"Filberts, see Hazelnuts",Nuts,-2.1,0.0,2.1,0.0,0.1,0.1,0.0,0.2
762,TN,681,Guiana chestnut,Nuts,-2.1,0.0,2.1,0.0,0.1,0.1,0.0,0.2
763,TN,666,Hazelnuts,Nuts,-2.1,0.0,2.1,0.0,0.1,0.1,0.0,0.2
764,TN,667,Hickory nuts,Nuts,-2.1,0.0,2.1,0.0,0.1,0.1,0.0,0.2
765,TN,668,Japanese horse-chestnut,Nuts,-2.1,0.0,2.1,0.0,0.1,0.1,0.0,0.2
766,TN,-,"Java almonds, see Pili nuts",Nuts,-2.1,0.0,2.1,0.0,0.1,0.1,0.0,0.2
767,TN,682,Monkey-pot,Nuts,-2.1,0.0,2.1,0.0,0.1,0.1,0.0,0.2
768,TN,670,Pachira nut,Nuts,-2.1,0.0,2.1,0.0,0.1,0.1,0.0,0.2
769,TN,671,"Paradise nut, see Sapucaia nut",Nuts,-2.1,0.0,2.1,0.0,0.1,0.1,0.0,0.2
770,TN,-,"Queensland nut, see Macadamia nut",Nuts,-2.1,0.0,2.1,0.0,0.1,0.1,0.0,0.2
771,TN,676,Sapucaia nut,Nuts,-2.1,0.0,2.1,0.0,0.1,0.1,0.0,0.2
772,TN,85,Tree nuts,Nuts,-2.1,0.0,2.1,0.0,0.1,0.1,0.0,0.2
773,TN,677,Tropical almond,Nuts,-2.1,0.0,2.1,0.0,0.1,0.1,0.0,0.2
774,SO,704,American oil palm,Rapeseed Oil,0.2,0.0,2.3,0.2,0.2,0.8,0.0,3.7
775,SO,690,Ben Moringa seed,Rapeseed Oil,0.2,0.0,2.3,0.2,0.2,0.8,0.0,3.7
776,SO,691,Cotton seed,Rapeseed Oil,0.2,0.0,2.3,0.2,0.2,0.8,0.0,3.7
777,SO,706,Coyoli palm,Rapeseed Oil,0.2,0.0,2.3,0.2,0.2,0.8,0.0,3.7
778,SO,-,"Desert date, see Group 005: Assorted tropical and sub-tropical",Rapeseed Oil,0.2,0.0,2.3,0.2,0.2,0.8,0.0,3.7
779,SO,-,"Drumstick tree seed, see Ben Moringa seed",Rapeseed Oil,0.2,0.0,2.3,0.2,0.2,0.8,0.0,3.7
780,SO,707,Evening primrose,Rapeseed Oil,0.2,0.0,2.3,0.2,0.2,0.8,0.0,3.7
781,SO,-,"Flax-seed, see Linseed",Rapeseed Oil,0.2,0.0,2.3,0.2,0.2,0.8,0.0,3.7
782,SO,-,"Horseradish tree seed, see Ben Moringa seed",Rapeseed Oil,0.2,0.0,2.3,0.2,0.2,0.8,0.0,3.7
783,SO,692,Kapok,Rapeseed Oil,0.2,0.0,2.3,0.2,0.2,0.8,0.0,3.7
784,SO,-,"Maize, see Group 020: Cereal grains",Rapeseed Oil,0.2,0.0,2.3,0.2,0.2,0.8,0.0,3.7
785,SO,709,Maripa palm,Rapeseed Oil,0.2,0.0,2.3,0.2,0.2,0.8,0.0,3.7
786,SO,485,Mustard seed,Rapeseed Oil,0.2,0.0,2.3,0.2,0.2,0.8,0.0,3.7
787,SO,694,"Mustard seed, Field",Rapeseed Oil,0.2,0.0,2.3,0.2,0.2,0.8,0.0,3.7
788,SO,478,"Mustard seed, Indian",Rapeseed Oil,0.2,0.0,2.3,0.2,0.2,0.8,0.0,3.7
789,SO,90,Mustard seeds,Rapeseed Oil,0.2,0.0,2.3,0.2,0.2,0.8,0.0,3.7
790,SO,695,Niger seed,Rapeseed Oil,0.2,0.0,2.3,0.2,0.2,0.8,0.0,3.7
791,SO,88,Oilseed,Rapeseed Oil,0.2,0.0,2.3,0.2,0.2,0.8,0.0,3.7
792,SO,89,Oilseed except peanut,Rapeseed Oil,0.2,0.0,2.3,0.2,0.2,0.8,0.0,3.7
793,SO,-,"Olive, see Group 005: Assorted tropical and sub-tropical fruits,",Rapeseed Oil,0.2,0.0,2.3,0.2,0.2,0.8,0.0,3.7
794,SO,-,Palm fruit,Rapeseed Oil,0.2,0.0,2.3,0.2,0.2,0.8,0.0,3.7
795,SO,696,Palm nut,Rapeseed Oil,0.2,0.0,2.3,0.2,0.2,0.8,0.0,3.7
796,SO,711,"Pumpkin, seed",Rapeseed Oil,0.2,0.0,2.3,0.2,0.2,0.8,0.0,3.7
797,SO,495,Rape seed,Rapeseed Oil,0.2,0.0,2.3,0.2,0.2,0.8,0.0,3.7
798,SO,-,"Rape seed, Indian, see Mustard seed, Field",Rapeseed Oil,0.2,0.0,2.3,0.2,0.2,0.8,0.0,3.7
799,SO,699,Safflower seed,Rapeseed Oil,0.2,0.0,2.3,0.2,0.2,0.8,0.0,3.7
800,SO,700,Sesame seed,Rapeseed Oil,0.2,0.0,2.3,0.2,0.2,0.8,0.0,3.7
801,SO,701,Shea nuts,Rapeseed Oil,0.2,0.0,2.3,0.2,0.2,0.8,0.0,3.7
802,SO,--,"Soya bean (dry), see Group 015: Pulses",Rapeseed Oil,0.2,0.0,2.3,0.2,0.2,0.8,0.0,3.7
803,SO,-,"Soybean (dry), see Soya bean (dry)",Rapeseed Oil,0.2,0.0,2.3,0.2,0.2,0.8,0.0,3.7
804,SO,702,Sunflower seed,Rapeseed Oil,0.2,0.0,2.3,0.2,0.2,0.8,0.0,3.7
805,SO,712,Tucum,Rapeseed Oil,0.2,0.0,2.3,0.2,0.2,0.8,0.0,3.7
806,FB,282,Amora,Berries & Grapes,0.0,0.0,0.7,0.0,0.2,0.2,0.0,1.0999999999999999
807,FB,260,Bearberry,Berries & Grapes,0.0,0.0,0.7,0.0,0.2,0.2,0.0,1.0999999999999999
808,FB,18,Berries and other small fruits,Berries & Grapes,0.0,0.0,0.7,0.0,0.2,0.2,0.0,1.0999999999999999
809,FB,261,Bilberry,Berries & Grapes,0.0,0.0,0.7,0.0,0.2,0.2,0.0,1.0999999999999999
810,FB,262,"Bilberry, Bog",Berries & Grapes,0.0,0.0,0.7,0.0,0.2,0.2,0.0,1.0999999999999999
811,FB,263,"Bilberry, Red",Berries & Grapes,0.0,0.0,0.7,0.0,0.2,0.2,0.0,1.0999999999999999
812,FB,264,Blackberries,Berries & Grapes,0.0,0.0,0.7,0.0,0.2,0.2,0.0,1.0999999999999999
813,FB,20,Blueberries,Berries & Grapes,0.0,0.0,0.7,0.0,0.2,0.2,0.0,1.0999999999999999
814,FB,-,"Blueberry, Highbush, see Blueberries",Berries & Grapes,0.0,0.0,0.7,0.0,0.2,0.2,0.0,1.0999999999999999
815,FB,-,"Blueberry, Lowbush, see Blueberries",Berries & Grapes,0.0,0.0,0.7,0.0,0.2,0.2,0.0,1.0999999999999999
816,FB,-,"Blueberry, Rabbiteye, see Blueberries",Berries & Grapes,0.0,0.0,0.7,0.0,0.2,0.2,0.0,1.0999999999999999
817,FB,-,"Boysenberry, see Dewberry",Berries & Grapes,0.0,0.0,0.7,0.0,0.2,0.2,0.0,1.0999999999999999
818,FB,281,Cheesefruit,Berries & Grapes,0.0,0.0,0.7,0.0,0.2,0.2,0.0,1.0999999999999999
819,FB,-,"Cowberry, see Bilberry, Red",Berries & Grapes,0.0,0.0,0.7,0.0,0.2,0.2,0.0,1.0999999999999999
820,FB,265,Cranberry,Berries & Grapes,0.0,0.0,0.7,0.0,0.2,0.2,0.0,1.0999999999999999
821,FB,278,"Currant, Black, see also Currants, Black, Red, White",Berries & Grapes,0.0,0.0,0.7,0.0,0.2,0.2,0.0,1.0999999999999999
822,FB,279,"Currant, Red, White, see also Currants, Black, Red, White",Berries & Grapes,0.0,0.0,0.7,0.0,0.2,0.2,0.0,1.0999999999999999
823,FB,21,"Currants, Black, Red, White",Berries & Grapes,0.0,0.0,0.7,0.0,0.2,0.2,0.0,1.0999999999999999
824,FB,266,Dewberries (including Boysenberry and Loganberry),Berries & Grapes,0.0,0.0,0.7,0.0,0.2,0.2,0.0,1.0999999999999999
825,FB,267,Elderberries,Berries & Grapes,0.0,0.0,0.7,0.0,0.2,0.2,0.0,1.0999999999999999
826,FB,268,Gooseberry,Berries & Grapes,0.0,0.0,0.7,0.0,0.2,0.2,0.0,1.0999999999999999
827,FB,269,Grapes,Berries & Grapes,0.0,0.0,0.7,0.0,0.2,0.2,0.0,1.0999999999999999
828,FB,-,Huckleberries,Berries & Grapes,0.0,0.0,0.7,0.0,0.2,0.2,0.0,1.0999999999999999
829,FB,270,Juneberries,Berries & Grapes,0.0,0.0,0.7,0.0,0.2,0.2,0.0,1.0999999999999999
830,FB,271,Mulberries,Berries & Grapes,0.0,0.0,0.7,0.0,0.2,0.2,0.0,1.0999999999999999
831,FB,283,Muntries,Berries & Grapes,0.0,0.0,0.7,0.0,0.2,0.2,0.0,1.0999999999999999
832,FB,-,"Olallie berry, see Dewberries",Berries & Grapes,0.0,0.0,0.7,0.0,0.2,0.2,0.0,1.0999999999999999
833,FB,272,"Raspberries, Red, Black",Berries & Grapes,0.0,0.0,0.7,0.0,0.2,0.2,0.0,1.0999999999999999
834,FB,284,Riberry,Berries & Grapes,0.0,0.0,0.7,0.0,0.2,0.2,0.0,1.0999999999999999
835,FB,273,Rose hips,Berries & Grapes,0.0,0.0,0.7,0.0,0.2,0.2,0.0,1.0999999999999999
836,FB,274,"Service berries, see Juneberries",Berries & Grapes,0.0,0.0,0.7,0.0,0.2,0.2,0.0,1.0999999999999999
837,FB,-,"Small fruited berries, others",Berries & Grapes,0.0,0.0,0.7,0.0,0.2,0.2,0.0,1.0999999999999999
838,FB,276,"Strawberries, Wild",Berries & Grapes,0.0,0.0,0.7,0.0,0.2,0.2,0.0,1.0999999999999999
839,FB,275,Strawberry,Berries & Grapes,0.0,0.0,0.7,0.0,0.2,0.2,0.0,1.0999999999999999
840,FB,-,"Strawberry, Musky, see Strawberries, Wild",Berries & Grapes,0.0,0.0,0.7,0.0,0.2,0.2,0.0,1.0999999999999999
841,FB,1235,Table-grapes,Berries & Grapes,0.0,0.0,0.7,0.0,0.2,0.2,0.0,1.0999999999999999
842,FB,-,"Whortleberry, Red, see Bilberry, Red",Berries & Grapes,0.0,0.0,0.7,0.0,0.2,0.2,0.0,1.0999999999999999
843,FB,1236,Wine-grapes,Berries & Grapes,0.0,0.0,0.7,0.0,0.2,0.2,0.0,1.0999999999999999
844,FB,-,"Youngberry, see Dewberries",Berries & Grapes,0.0,0.0,0.7,0.0,0.2,0.2,0.0,1.0999999999999999
845,VP,-,"Angola pea (immature seed), see Pigeon pea",Peas,0.0,0.0,0.7,0.0,0.1,0.0,0.0,0.7999999999999999
846,VP,61,"Beans, except broad bean and soya bean",Peas,0.0,0.0,0.7,0.0,0.1,0.0,0.0,0.7999999999999999
847,VP,62,"Beans, shelled",Peas,0.0,0.0,0.7,0.0,0.1,0.0,0.0,0.7999999999999999
848,VP,521,Black gram (green pods),Peas,0.0,0.0,0.7,0.0,0.1,0.0,0.0,0.7999999999999999
849,VP,-,"Bonavist bean (young pods and immature seeds), see Hyacinth",Peas,0.0,0.0,0.7,0.0,0.1,0.0,0.0,0.7999999999999999
850,VP,522,Broad bean (green pods and immature seeds),Peas,0.0,0.0,0.7,0.0,0.1,0.0,0.0,0.7999999999999999
851,VP,523,"Broad bean, shelled (succulent) (= immature seeds)",Peas,0.0,0.0,0.7,0.0,0.1,0.0,0.0,0.7999999999999999
852,VP,-,"Catjang cowpea (immature pods and green seeds), see Cowpea",Peas,0.0,0.0,0.7,0.0,0.1,0.0,0.0,0.7999999999999999
853,VP,524,Chick-pea (green pods),Peas,0.0,0.0,0.7,0.0,0.1,0.0,0.0,0.7999999999999999
854,VP,527,Cowpea (immature pods),Peas,0.0,0.0,0.7,0.0,0.1,0.0,0.0,0.7999999999999999
855,VP,-,"Edible-podded pea, see Podded pea",Peas,0.0,0.0,0.7,0.0,0.1,0.0,0.0,0.7999999999999999
856,VP,-,"Fava bean (green pods and immature beans), see Broad bean",Peas,0.0,0.0,0.7,0.0,0.1,0.0,0.0,0.7999999999999999
857,VP,-,"Field bean (green pods), see Common bean",Peas,0.0,0.0,0.7,0.0,0.1,0.0,0.0,0.7999999999999999
858,VP,-,"Flageolet (fresh beans), see Common bean",Peas,0.0,0.0,0.7,0.0,0.1,0.0,0.0,0.7999999999999999
859,VP,-,"Four-angled bean (immature pods), see Goa bean",Peas,0.0,0.0,0.7,0.0,0.1,0.0,0.0,0.7999999999999999
860,VP,-,"French bean (immature pods and seeds), see Common bean",Peas,0.0,0.0,0.7,0.0,0.1,0.0,0.0,0.7999999999999999
861,VP,-,"Garbanzos, see Chick-pea",Peas,0.0,0.0,0.7,0.0,0.1,0.0,0.0,0.7999999999999999
862,VP,528,"Garden pea (young pods) (= succulent, immature seeds)",Peas,0.0,0.0,0.7,0.0,0.1,0.0,0.0,0.7999999999999999
863,VP,529,"Garden pea, shelled (succulent sedds)",Peas,0.0,0.0,0.7,0.0,0.1,0.0,0.0,0.7999999999999999
864,VP,530,Goa bean (immature pods),Peas,0.0,0.0,0.7,0.0,0.1,0.0,0.0,0.7999999999999999
865,VP,-,"Gram (green pods), see Chick-pea",Peas,0.0,0.0,0.7,0.0,0.1,0.0,0.0,0.7999999999999999
866,VP,-,"Green bean (green pods and immature seeds), see Common",Peas,0.0,0.0,0.7,0.0,0.1,0.0,0.0,0.7999999999999999
867,VP,-,"Green gram (green pods), see Mung bean",Peas,0.0,0.0,0.7,0.0,0.1,0.0,0.0,0.7999999999999999
868,VP,-,"Guar (young pods), see Cluster bean",Peas,0.0,0.0,0.7,0.0,0.1,0.0,0.0,0.7999999999999999
869,VP,-,"Haricot bean (green pods and/or immature seeds), see Common",Peas,0.0,0.0,0.7,0.0,0.1,0.0,0.0,0.7999999999999999
870,VP,-,"Horse bean (green pods and/or immature seeds), see Broad bean",Peas,0.0,0.0,0.7,0.0,0.1,0.0,0.0,0.7999999999999999
871,VP,531,"Hyacinth bean (young pods, immature seeds)",Peas,0.0,0.0,0.7,0.0,0.1,0.0,0.0,0.7999999999999999
872,VP,532,"Jack bean (young pods, immature seeds)",Peas,0.0,0.0,0.7,0.0,0.1,0.0,0.0,0.7999999999999999
873,VP,-,"Kidney bean (pods and/or immature seeds), see Common bean",Peas,0.0,0.0,0.7,0.0,0.1,0.0,0.0,0.7999999999999999
874,VP,-,"Lablab (young pods; immature seeds), see Hyacinth bean",Peas,0.0,0.0,0.7,0.0,0.1,0.0,0.0,0.7999999999999999
875,VP,60,Legume vegetables,Peas,0.0,0.0,0.7,0.0,0.1,0.0,0.0,0.7999999999999999
876,VP,533,Lentil (young pods),Peas,0.0,0.0,0.7,0.0,0.1,0.0,0.0,0.7999999999999999
877,VP,-,"Mangetout or Mangetout pea, see Podded pea",Peas,0.0,0.0,0.7,0.0,0.1,0.0,0.0,0.7999999999999999
878,VP,-,"Manila bean (immature pods), see Goa bean",Peas,0.0,0.0,0.7,0.0,0.1,0.0,0.0,0.7999999999999999
879,VP,535,"Mat bean (green pods, mature, fresh seeds)",Peas,0.0,0.0,0.7,0.0,0.1,0.0,0.0,0.7999999999999999
880,VP,-,"Moth bean, see Mat bean",Peas,0.0,0.0,0.7,0.0,0.1,0.0,0.0,0.7999999999999999
881,VP,536,Mung bean (green pods),Peas,0.0,0.0,0.7,0.0,0.1,0.0,0.0,0.7999999999999999
882,VP,-,"Navy bean (young pods and/or immature seeds), see Common",Peas,0.0,0.0,0.7,0.0,0.1,0.0,0.0,0.7999999999999999
883,VP,-,"Red gram (green pods and/or young green seeds), see Pigeon",Peas,0.0,0.0,0.7,0.0,0.1,0.0,0.0,0.7999999999999999
884,VP,539,Rice bean (young pods),Peas,0.0,0.0,0.7,0.0,0.1,0.0,0.0,0.7999999999999999
885,VP,-,"Runner bean (green pods and seeds), see Common bean",Peas,0.0,0.0,0.7,0.0,0.1,0.0,0.0,0.7999999999999999
886,VP,-,Sataw,Peas,0.0,0.0,0.7,0.0,0.1,0.0,0.0,0.7999999999999999
887,VP,540,Scarlet runner bean (pods and seeds),Peas,0.0,0.0,0.7,0.0,0.1,0.0,0.0,0.7999999999999999
888,VP,-,"Sieva bean (young pods and/or green fresh beans), see Lima",Peas,0.0,0.0,0.7,0.0,0.1,0.0,0.0,0.7999999999999999
889,VP,-,"Snap bean (young pods), see Common bean",Peas,0.0,0.0,0.7,0.0,0.1,0.0,0.0,0.7999999999999999
890,VP,541,Soya bean (immature seeds),Peas,0.0,0.0,0.7,0.0,0.1,0.0,0.0,0.7999999999999999
891,VP,-,"Soybean, see Soya bean (immature seeds)",Peas,0.0,0.0,0.7,0.0,0.1,0.0,0.0,0.7999999999999999
892,VP,-,"Sugar pea (young pods), see Podded pea",Peas,0.0,0.0,0.7,0.0,0.1,0.0,0.0,0.7999999999999999
893,VP,542,Sword bean (young pods and beans),Peas,0.0,0.0,0.7,0.0,0.1,0.0,0.0,0.7999999999999999
894,VP,-,"Winged bean (immature pods), see Goa bean",Peas,0.0,0.0,0.7,0.0,0.1,0.0,0.0,0.7999999999999999
895,VP,543,Winged pea (young pods),Peas,0.0,0.0,0.7,0.0,0.1,0.0,0.0,0.7999999999999999
896,VP,-,"Wrinkled pea, see Garden pea",Peas,0.0,0.0,0.7,0.0,0.1,0.0,0.0,0.7999999999999999
897,VP,544,Yard-long bean (pods),Peas,0.0,0.0,0.7,0.0,0.1,0.0,0.0,0.7999999999999999
898,FC,-,"Bigarade see Orange, Sour",Citrus Fruit,-0.1,0.0,0.3,0.0,0.1,0.0,0.0,0.3
899,FC,-,"Blood orange, see Orange, Sweet",Citrus Fruit,-0.1,0.0,0.3,0.0,0.1,0.0,0.0,0.3
900,FC,-,"Chinotto, see Orange, Sour",Citrus Fruit,-0.1,0.0,0.3,0.0,0.1,0.0,0.0,0.3
901,FC,-,"Chironja, see Subgroup Oranges, Sweet, Sour (including Orange-",Citrus Fruit,-0.1,0.0,0.3,0.0,0.1,0.0,0.0,0.3
902,FC,-,"Dancy or Dancy Mandarin, see Subgroup 0003 Mandarins",Citrus Fruit,-0.1,0.0,0.3,0.0,0.1,0.0,0.0,0.3
903,FC,203,"Grapefruit, see also Subgroup 0005 Shaddocks or Pomelos",Citrus Fruit,-0.1,0.0,0.3,0.0,0.1,0.0,0.0,0.3
904,FC,-,"King mandarin, see Subgroup 0003 Mandarin",Citrus Fruit,-0.1,0.0,0.3,0.0,0.1,0.0,0.0,0.3
905,FC,204,"Lemon, see also Subgroup 0002 Lemons and Limes",Citrus Fruit,-0.1,0.0,0.3,0.0,0.1,0.0,0.0,0.3
906,FC,2,Lemons and Limes (including Citron),Citrus Fruit,-0.1,0.0,0.3,0.0,0.1,0.0,0.0,0.3
907,FC,-,"Malta orange, see Blood Orange",Citrus Fruit,-0.1,0.0,0.3,0.0,0.1,0.0,0.0,0.3
908,FC,206,"Mandarin, see also Subgroup 0003 Mandarins",Citrus Fruit,-0.1,0.0,0.3,0.0,0.1,0.0,0.0,0.3
909,FC,3,Mandarins (including Mandarin-like hybrids),Citrus Fruit,-0.1,0.0,0.3,0.0,0.1,0.0,0.0,0.3
910,FC,-,"Mediterranean mandarin, see Subgroup 0003 Mandarins",Citrus Fruit,-0.1,0.0,0.3,0.0,0.1,0.0,0.0,0.3
911,FC,-,"Myrtle-leaf orange, see Chinotto",Citrus Fruit,-0.1,0.0,0.3,0.0,0.1,0.0,0.0,0.3
912,FC,-,"Natsudaidai, see Subgroup 0005 Shaddocks or Pomelos",Citrus Fruit,-0.1,0.0,0.3,0.0,0.1,0.0,0.0,0.3
913,FC,-,"Orange, Bitter, see Orange, Sour",Citrus Fruit,-0.1,0.0,0.3,0.0,0.1,0.0,0.0,0.3
914,FC,207,"Orange, Sour, see also Subgroup 0004 Oranges, Sweet, Sour",Citrus Fruit,-0.1,0.0,0.3,0.0,0.1,0.0,0.0,0.3
915,FC,206,"Orange, Sweet, see also Subgroup 0004 Oranges, Sweet,. Sour",Citrus Fruit,-0.1,0.0,0.3,0.0,0.1,0.0,0.0,0.3
916,FC,4,"Oranges, Sweet, Sour (including Ordange-like hybrids): several",Citrus Fruit,-0.1,0.0,0.3,0.0,0.1,0.0,0.0,0.3
917,FC,--,"Satsuma or Satsuma mandarin, see Subgroup 0003 Mandarins",Citrus Fruit,-0.1,0.0,0.3,0.0,0.1,0.0,0.0,0.3
918,FC,-,"Seville Orange, see Orange, Sour",Citrus Fruit,-0.1,0.0,0.3,0.0,0.1,0.0,0.0,0.3
919,FC,209,"Shaddock, see also Subgroup 0005 Shaddocks or Pomelos",Citrus Fruit,-0.1,0.0,0.3,0.0,0.1,0.0,0.0,0.3
920,FC,5,"Shaddocks or Pomelos (including Shaddock-like hybrids, among",Citrus Fruit,-0.1,0.0,0.3,0.0,0.1,0.0,0.0,0.3
921,FC,-,"Tangelo, large sized cultivars, see Subgroup 0005 Shaddocks or",Citrus Fruit,-0.1,0.0,0.3,0.0,0.1,0.0,0.0,0.3
922,FC,-,"Tangelo small and medium sized cultivars, see Subgroup 0003",Citrus Fruit,-0.1,0.0,0.3,0.0,0.1,0.0,0.0,0.3
923,FC,-,"Tangelolo, see Subgroup 0005 Shaddocks or Pomelos",Citrus Fruit,-0.1,0.0,0.3,0.0,0.1,0.0,0.0,0.3
924,FC,-,"Tangarine, see Subgroup 0003 Mandarins",Citrus Fruit,-0.1,0.0,0.3,0.0,0.1,0.0,0.0,0.3
925,FC,-,"Tangors, see Subgroup 0003 Mandarins",Citrus Fruit,-0.1,0.0,0.3,0.0,0.1,0.0,0.0,0.3
926,FC,-,"Tankan mandarin, see Subgroup 0003 Mandarins",Citrus Fruit,-0.1,0.0,0.3,0.0,0.1,0.0,0.0,0.3
927,FC,-,"Willowleaf mandarin, see Mediterranean Mandarin and Subgroup",Citrus Fruit,-0.1,0.0,0.3,0.0,0.1,0.0,0.0,0.3
928,CM,81,Bran; unprocessed of cereal grain,Wheat & Rye (Bread),0.1,0.0,0.8,0.2,0.1,0.1,0.1,1.4000000000000004
929,CM,1206,"Rice bran, unprocessed",Wheat & Rye (Bread),0.1,0.0,0.8,0.2,0.1,0.1,0.1,1.4000000000000004
930,CM,1207,Rice hulls,Wheat & Rye (Bread),0.1,0.0,0.8,0.2,0.1,0.1,0.1,1.4000000000000004
931,CM,649,"Rice, husked",Wheat & Rye (Bread),0.1,0.0,0.8,0.2,0.1,0.1,0.1,1.4000000000000004
932,CM,1205,"Rice, polished",Wheat & Rye (Bread),0.1,0.0,0.8,0.2,0.1,0.1,0.1,1.4000000000000004
933,CM,650,"Rye bran, unprocessed",Wheat & Rye (Bread),0.1,0.0,0.8,0.2,0.1,0.1,0.1,1.4000000000000004
934,CM,654,"Wheat bran, unprocessed",Wheat & Rye (Bread),0.1,0.0,0.8,0.2,0.1,0.1,0.1,1.4000000000000004
935,VB,40,"Brassica (cole or cabbage) vegetables, Head cabbages,",Brassicas,0.0,0.0,0.3,0.0,0.1,0.0,0.0,0.4
936,VB,400,Broccoli,Brassicas,0.0,0.0,0.3,0.0,0.1,0.0,0.0,0.4
937,VB,401,"Broccoli, Chinese",Brassicas,0.0,0.0,0.3,0.0,0.1,0.0,0.0,0.4
938,VB,-,"Broccoli, Sprouting, see Broccoli",Brassicas,0.0,0.0,0.3,0.0,0.1,0.0,0.0,0.4
939,VB,402,Brussels sprouts,Brassicas,0.0,0.0,0.3,0.0,0.1,0.0,0.0,0.4
940,VB,-,"Cauliflower, Green, see Cauliflower",Brassicas,0.0,0.0,0.3,0.0,0.1,0.0,0.0,0.4
941,VB,404,"Cauliflower, see also Subgroup Flowerhead brassicas",Brassicas,0.0,0.0,0.3,0.0,0.1,0.0,0.0,0.4
942,VB,42,"Flowerhead brassicas (includes Broccoli: Broccoli , Chinese and",Brassicas,0.0,0.0,0.3,0.0,0.1,0.0,0.0,0.4
943,VB,-,"Kailan, see Broccoli, Chinese",Brassicas,0.0,0.0,0.3,0.0,0.1,0.0,0.0,0.4
944,VB,405,Kohlrabi,Brassicas,0.0,0.0,0.3,0.0,0.1,0.0,0.0,0.4
945,ML,810,Buffalo milk,Milk,0.5,0.2,1.5,0.1,0.1,0.1,0.3,2.8000000000000003
946,ML,812,Cattle milk,Milk,0.5,0.2,1.5,0.1,0.1,0.1,0.3,2.8000000000000003
947,ML,814,Goat milk,Milk,0.5,0.2,1.5,0.1,0.1,0.1,0.3,2.8000000000000003
948,ML,107,"Milk of cattle, goats and sheep",Milk,0.5,0.2,1.5,0.1,0.1,0.1,0.3,2.8000000000000003
949,ML,106,Milks,Milk,0.5,0.2,1.5,0.1,0.1,0.1,0.3,2.8000000000000003
950,ML,822,Sheep milk,Milk,0.5,0.2,1.5,0.1,0.1,0.1,0.3,2.8000000000000003
951,FM,810,Buffalo milk fat,Cheese,4.5,2.3,13.1,0.7,0.1,0.2,0.3,21.2
952,FM,812,Cattle milk fat,Cheese,4.5,2.3,13.1,0.7,0.1,0.2,0.3,21.2
953,FM,814,Goat milk fat,Cheese,4.5,2.3,13.1,0.7,0.1,0.2,0.3,21.2
954,FM,183,Milk fats,Cheese,4.5,2.3,13.1,0.7,0.1,0.2,0.3,21.2
955,FM,822,Sheep milk fat,Cheese,4.5,2.3,13.1,0.7,0.1,0.2,0.3,21.2
956,FA,810,Buffalo tallow,Pig Meat,1.5,2.9,1.7,0.3,0.3,0.3,0.2,7.2
957,FA,812,Cattle tallow (including processed suet),Pig Meat,1.5,2.9,1.7,0.3,0.3,0.3,0.2,7.2
958,FA,840,"Chicken fat, processed",Pig Meat,1.5,2.9,1.7,0.3,0.3,0.3,0.2,7.2
959,FA,841,"Duck fat, processed",Pig Meat,1.5,2.9,1.7,0.3,0.3,0.3,0.2,7.2
960,FA,814,Goat tallow,Pig Meat,1.5,2.9,1.7,0.3,0.3,0.3,0.2,7.2
961,FA,842,"Goose fat, processed",Pig Meat,1.5,2.9,1.7,0.3,0.3,0.3,0.2,7.2
962,FA,816,Horse tallow,Pig Meat,1.5,2.9,1.7,0.3,0.3,0.3,0.2,7.2
963,FA,818,Lard (of pigs),Pig Meat,1.5,2.9,1.7,0.3,0.3,0.3,0.2,7.2
964,FA,111,"Poultry fats, processed",Pig Meat,1.5,2.9,1.7,0.3,0.3,0.3,0.2,7.2
965,FA,142,"Processed Fat (Blubber), of Whales, Dolphins and Sales",Pig Meat,1.5,2.9,1.7,0.3,0.3,0.3,0.2,7.2
966,FA,822,Sheep tallow,Pig Meat,1.5,2.9,1.7,0.3,0.3,0.3,0.2,7.2
967,FA,95,"Tallow and lard from cattle, goats, horses, pigs and sheep",Pig Meat,1.5,2.9,1.7,0.3,0.3,0.3,0.2,7.2
968,FA,848,"Turkey fat, processed",Pig Meat,1.5,2.9,1.7,0.3,0.3,0.3,0.2,7.2
969,VA,35,Bulb vegetables,Onions & Leeks,0.0,0.0,0.2,0.0,0.1,0.0,0.0,0.30000000000000004
970,VA,36,"Bulb vegetables, except Fennel, Bulb",Onions & Leeks,0.0,0.0,0.2,0.0,0.1,0.0,0.0,0.30000000000000004
971,VA,-,"Chives, Chinese, see Group 027: Herbs",Onions & Leeks,0.0,0.0,0.2,0.0,0.1,0.0,0.0,0.30000000000000004
972,VA,-,"Chives, see Group 027: Herbs",Onions & Leeks,0.0,0.0,0.2,0.0,0.1,0.0,0.0,0.30000000000000004
973,VA,392,Daylily,Onions & Leeks,0.0,0.0,0.2,0.0,0.1,0.0,0.0,0.30000000000000004
974,VA,380,"Fennel, Bulb",Onions & Leeks,0.0,0.0,0.2,0.0,0.1,0.0,0.0,0.30000000000000004
975,VA,-,"Fennel, Italian, see Fennel, bulb",Onions & Leeks,0.0,0.0,0.2,0.0,0.1,0.0,0.0,0.30000000000000004
976,VA,-,"Fennel, Roman, see Fennel, bulb",Onions & Leeks,0.0,0.0,0.2,0.0,0.1,0.0,0.0,0.30000000000000004
977,VA,-,"Fennel, Sweet, see Fennel, Roman",Onions & Leeks,0.0,0.0,0.2,0.0,0.1,0.0,0.0,0.30000000000000004
978,VA,381,Garlic,Onions & Leeks,0.0,0.0,0.2,0.0,0.1,0.0,0.0,0.30000000000000004
979,VA,382,"Garlic, Great-headed",Onions & Leeks,0.0,0.0,0.2,0.0,0.1,0.0,0.0,0.30000000000000004
980,VA,-,"Japanese bunching onion, see Welsh onion",Onions & Leeks,0.0,0.0,0.2,0.0,0.1,0.0,0.0,0.30000000000000004
981,VA,383,Kurrat,Onions & Leeks,0.0,0.0,0.2,0.0,0.1,0.0,0.0,0.30000000000000004
982,VA,384,Leek,Onions & Leeks,0.0,0.0,0.2,0.0,0.1,0.0,0.0,0.30000000000000004
983,VA,-,"Multiplying onion, see Onion, Welsh",Onions & Leeks,0.0,0.0,0.2,0.0,0.1,0.0,0.0,0.30000000000000004
984,VA,385,"Onion, Bulb",Onions & Leeks,0.0,0.0,0.2,0.0,0.1,0.0,0.0,0.30000000000000004
985,VA,386,"Onion, Chinese",Onions & Leeks,0.0,0.0,0.2,0.0,0.1,0.0,0.0,0.30000000000000004
986,VA,-,"Onion, Egyptian, see Tree onion",Onions & Leeks,0.0,0.0,0.2,0.0,0.1,0.0,0.0,0.30000000000000004
987,VA,387,"Onion, Welsh",Onions & Leeks,0.0,0.0,0.2,0.0,0.1,0.0,0.0,0.30000000000000004
988,VA,-,"Rakkyo, see Onion, Chinese",Onions & Leeks,0.0,0.0,0.2,0.0,0.1,0.0,0.0,0.30000000000000004
989,VA,388,Shallot,Onions & Leeks,0.0,0.0,0.2,0.0,0.1,0.0,0.0,0.30000000000000004
990,VA,390,Silverskin onion,Onions & Leeks,0.0,0.0,0.2,0.0,0.1,0.0,0.0,0.30000000000000004
991,VA,389,Spring onion,Onions & Leeks,0.0,0.0,0.2,0.0,0.1,0.0,0.0,0.30000000000000004
992,VA,391,Tree onion,Onions & Leeks,0.0,0.0,0.2,0.0,0.1,0.0,0.0,0.30000000000000004
993,PE,840,Chicken eggs,Eggs,0.7,2.2,1.3,0.0,0.1,0.2,0.0,4.5
994,PE,841,Duck eggs,Eggs,0.7,2.2,1.3,0.0,0.1,0.2,0.0,4.5
995,PE,112,Eggs,Eggs,0.7,2.2,1.3,0.0,0.1,0.2,0.0,4.5
996,PE,842,Goose eggs,Eggs,0.7,2.2,1.3,0.0,0.1,0.2,0.0,4.5
997,PE,847,Quail eggs,Eggs,0.7,2.2,1.3,0.0,0.1,0.2,0.0,4.5
998,PF,840,Chicken fat,Poultry Meat,2.5,1.8,0.7,0.4,0.3,0.2,0.2,6.1000000000000005
999,PM,840,Chicken meat,Poultry Meat,2.5,1.8,0.7,0.4,0.3,0.2,0.2,6.1000000000000005
1000,PO,840,"Chicken, Edible offal of",Poultry Meat,2.5,1.8,0.7,0.4,0.3,0.2,0.2,6.1000000000000005
1001,PF,841,Duck fat,Poultry Meat,2.5,1.8,0.7,0.4,0.3,0.2,0.2,6.1000000000000005
1002,PM,841,Duck meat,Poultry Meat,2.5,1.8,0.7,0.4,0.3,0.2,0.2,6.1000000000000005
1003,PO,841,"Duck, Edible offal of",Poultry Meat,2.5,1.8,0.7,0.4,0.3,0.2,0.2,6.1000000000000005
1004,PM,850,Emu meat,Poultry Meat,2.5,1.8,0.7,0.4,0.3,0.2,0.2,6.1000000000000005
1005,PF,842,Goose fat,Poultry Meat,2.5,1.8,0.7,0.4,0.3,0.2,0.2,6.1000000000000005
1006,PM,842,Goose meat,Poultry Meat,2.5,1.8,0.7,0.4,0.3,0.2,0.2,6.1000000000000005
1007,PO,842,"Goose, Edible offal of",Poultry Meat,2.5,1.8,0.7,0.4,0.3,0.2,0.2,6.1000000000000005
1008,PO,849,"Goose, liver",Poultry Meat,2.5,1.8,0.7,0.4,0.3,0.2,0.2,6.1000000000000005
1009,PM,843,Guinea-Fowl meat,Poultry Meat,2.5,1.8,0.7,0.4,0.3,0.2,0.2,6.1000000000000005
1010,PM,851,Ostrich meat,Poultry Meat,2.5,1.8,0.7,0.4,0.3,0.2,0.2,6.1000000000000005
1011,PF,111,Poultry fats,Poultry Meat,2.5,1.8,0.7,0.4,0.3,0.2,0.2,6.1000000000000005
1012,PM,110,Poultry meat,Poultry Meat,2.5,1.8,0.7,0.4,0.3,0.2,0.2,6.1000000000000005
1013,PO,113,Poultry skin,Poultry Meat,2.5,1.8,0.7,0.4,0.3,0.2,0.2,6.1000000000000005
1014,PO,111,"Poultry, Edible offal of",Poultry Meat,2.5,1.8,0.7,0.4,0.3,0.2,0.2,6.1000000000000005
1015,PM,847,Quail meat,Poultry Meat,2.5,1.8,0.7,0.4,0.3,0.2,0.2,6.1000000000000005
1016,PM,-,"Quail, Bobwhite, see Quail",Poultry Meat,2.5,1.8,0.7,0.4,0.3,0.2,0.2,6.1000000000000005
1017,PM,-,"Quail, California, see Quail meat",Poultry Meat,2.5,1.8,0.7,0.4,0.3,0.2,0.2,6.1000000000000005
1018,PF,848,Turkey fat,Poultry Meat,2.5,1.8,0.7,0.4,0.3,0.2,0.2,6.1000000000000005
1019,PM,848,Turkey meat,Poultry Meat,2.5,1.8,0.7,0.4,0.3,0.2,0.2,6.1000000000000005
1020,PO,848,"Turkey, Edible offal of",Poultry Meat,2.5,1.8,0.7,0.4,0.3,0.2,0.2,6.1000000000000005
1021,OC,-,"Corn oil, crude, see Maize oil, crude",Olive Oil,-0.4,0.0,4.3,0.7,0.5,0.9,0.0,6.0
1022,OR,-,"Corn oil, edible, see Maize oil, edible",Olive Oil,-0.4,0.0,4.3,0.7,0.5,0.9,0.0,6.0
1023,OC,691,"Cotton seed oil, crude",Olive Oil,-0.4,0.0,4.3,0.7,0.5,0.9,0.0,6.0
1024,OR,691,"Cotton seed oil, edible",Olive Oil,-0.4,0.0,4.3,0.7,0.5,0.9,0.0,6.0
1025,OC,645,"Maize oil, crude",Olive Oil,-0.4,0.0,4.3,0.7,0.5,0.9,0.0,6.0
1026,OR,645,"Maize oil, edible",Olive Oil,-0.4,0.0,4.3,0.7,0.5,0.9,0.0,6.0
1027,OR,305,"Olive oil, refined, as defined in Codex Stan. 33-1981",Olive Oil,-0.4,0.0,4.3,0.7,0.5,0.9,0.0,6.0
1028,OC,305,"Olive oil, virgin, as defined in Codex Stan. 33-1981",Olive Oil,-0.4,0.0,4.3,0.7,0.5,0.9,0.0,6.0
1029,OR,-,"Olive residue oil, as defined in Codex Stan. 33-1981 , see Olive",Olive Oil,-0.4,0.0,4.3,0.7,0.5,0.9,0.0,6.0
1030,OC,1240,"Palm kernel oil, crude",Olive Oil,-0.4,0.0,4.3,0.7,0.5,0.9,0.0,6.0
1031,OR,1240,"Palm kernel oil, edible",Olive Oil,-0.4,0.0,4.3,0.7,0.5,0.9,0.0,6.0
1032,OC,696,"Palm oil, crude",Olive Oil,-0.4,0.0,4.3,0.7,0.5,0.9,0.0,6.0
1033,OR,696,"Palm oil, edible",Olive Oil,-0.4,0.0,4.3,0.7,0.5,0.9,0.0,6.0
1034,OC,495,"Rape seed oil, crude",Olive Oil,-0.4,0.0,4.3,0.7,0.5,0.9,0.0,6.0
1035,OR,495,"Rape seed oil, edible",Olive Oil,-0.4,0.0,4.3,0.7,0.5,0.9,0.0,6.0
1036,OC,699,"Safflower seed oil, crude",Olive Oil,-0.4,0.0,4.3,0.7,0.5,0.9,0.0,6.0
1037,OR,699,"Safflower seed oil, edible",Olive Oil,-0.4,0.0,4.3,0.7,0.5,0.9,0.0,6.0
1038,OC,700,"Sesame seed oil, crude",Olive Oil,-0.4,0.0,4.3,0.7,0.5,0.9,0.0,6.0
1039,OR,700,"Sesame seed oil, edible",Olive Oil,-0.4,0.0,4.3,0.7,0.5,0.9,0.0,6.0
1040,OC,541,"Soya bean oil, crude",Olive Oil,-0.4,0.0,4.3,0.7,0.5,0.9,0.0,6.0
1041,OR,541,"Soya bean oil, refined",Olive Oil,-0.4,0.0,4.3,0.7,0.5,0.9,0.0,6.0
1042,OC,702,"Sunflower seed oil, crude",Olive Oil,-0.4,0.0,4.3,0.7,0.5,0.9,0.0,6.0
1043,OR,702,"Sunflower seed oil, edible",Olive Oil,-0.4,0.0,4.3,0.7,0.5,0.9,0.0,6.0
1044,SC,146,"Crabmeat, cooked",Shrimps (farmed),0.2,2.5,8.4,0.0,0.2,0.3,0.2,11.8
1045,WC,146,Crabs,Shrimps (farmed),0.2,2.5,8.4,0.0,0.2,0.3,0.2,11.8
1046,WC,143,Crustaceans,Shrimps (farmed),0.2,2.5,8.4,0.0,0.2,0.3,0.2,11.8
1047,SC,143,"Crustaceans, cooked",Shrimps (farmed),0.2,2.5,8.4,0.0,0.2,0.3,0.2,11.8
1048,WC,976,Freshwater crayfishes,Shrimps (farmed),0.2,2.5,8.4,0.0,0.2,0.3,0.2,11.8
1049,SC,976,"Freshwater crayfishes, cooked",Shrimps (farmed),0.2,2.5,8.4,0.0,0.2,0.3,0.2,11.8
1050,WC,144,Freshwater crustaceans,Shrimps (farmed),0.2,2.5,8.4,0.0,0.2,0.3,0.2,11.8
1051,SC,144,"Freshwater crustaceans, cooked",Shrimps (farmed),0.2,2.5,8.4,0.0,0.2,0.3,0.2,11.8
1052,WC,977,"Freshwater Shrimps or Prawns,",Shrimps (farmed),0.2,2.5,8.4,0.0,0.2,0.3,0.2,11.8
1053,SC,977,"Freshwater Shrimps or Prawns, cooked",Shrimps (farmed),0.2,2.5,8.4,0.0,0.2,0.3,0.2,11.8
1054,WC,-,"Langouste, see Spiny Lobster",Shrimps (farmed),0.2,2.5,8.4,0.0,0.2,0.3,0.2,11.8
1055,WC,145,Marine Crustaceans,Shrimps (farmed),0.2,2.5,8.4,0.0,0.2,0.3,0.2,11.8
1056,SC,145,"Marine Crustaceans, cooked",Shrimps (farmed),0.2,2.5,8.4,0.0,0.2,0.3,0.2,11.8
1057,WC,-,"Prawn, Banana, see Shrimps or Prawns",Shrimps (farmed),0.2,2.5,8.4,0.0,0.2,0.3,0.2,11.8
1058,WC,-,"Prawn, Brown tiger, see Shrimps or Prawns",Shrimps (farmed),0.2,2.5,8.4,0.0,0.2,0.3,0.2,11.8
1059,WC,-,"Prawn, Caramote, see Shrimps or Prawns",Shrimps (farmed),0.2,2.5,8.4,0.0,0.2,0.3,0.2,11.8
1060,WC,-,"Prawn, Common, see Shrimps or Prawns",Shrimps (farmed),0.2,2.5,8.4,0.0,0.2,0.3,0.2,11.8
1061,WC,-,"Prawn, Eastern king, see Shrimps or Prawns",Shrimps (farmed),0.2,2.5,8.4,0.0,0.2,0.3,0.2,11.8
1062,WC,-,"Prawn, Endeavour, see Shrimps or Prawns",Shrimps (farmed),0.2,2.5,8.4,0.0,0.2,0.3,0.2,11.8
1063,WC,-,"Prawn, Giant tiger, see Shrimps or Prawns",Shrimps (farmed),0.2,2.5,8.4,0.0,0.2,0.3,0.2,11.8
1064,WC,-,"Prawn, Green tiger, see Shrimps or Prawns",Shrimps (farmed),0.2,2.5,8.4,0.0,0.2,0.3,0.2,11.8
1065,WC,-,"Prawn, Japanese king, see Shrimps or Prawns",Shrimps (farmed),0.2,2.5,8.4,0.0,0.2,0.3,0.2,11.8
1066,WC,-,"Prawn, Kuruma, see Prawn, Japanese King",Shrimps (farmed),0.2,2.5,8.4,0.0,0.2,0.3,0.2,11.8
1067,WC,-,"Prawn, Northern, see Shrimps or Prawns",Shrimps (farmed),0.2,2.5,8.4,0.0,0.2,0.3,0.2,11.8
1068,WC,-,"Prawn, Western king, see Shrimps or Prawns",Shrimps (farmed),0.2,2.5,8.4,0.0,0.2,0.3,0.2,11.8
1069,WC,-,"Prawns, see Shrimps or Prawns",Shrimps (farmed),0.2,2.5,8.4,0.0,0.2,0.3,0.2,11.8
1070,WC,-,"Rock lobster, see Lobsters",Shrimps (farmed),0.2,2.5,8.4,0.0,0.2,0.3,0.2,11.8
1071,WC,-,"Shrimp, Deepwater rose, see Shrimps or Prawns",Shrimps (farmed),0.2,2.5,8.4,0.0,0.2,0.3,0.2,11.8
1072,WC,-,"Shrimp, Northern brown, see Shrimps or Prawns",Shrimps (farmed),0.2,2.5,8.4,0.0,0.2,0.3,0.2,11.8
1073,WC,-,"Shrimp, Northern pink, see Shrimps or Prawns",Shrimps (farmed),0.2,2.5,8.4,0.0,0.2,0.3,0.2,11.8
1074,WC,-,"Shrimp, Northern white, see Shrimps or Prawns",Shrimps (farmed),0.2,2.5,8.4,0.0,0.2,0.3,0.2,11.8
1075,WC,979,Shrimps or Prawns (See Note 2),Shrimps (farmed),0.2,2.5,8.4,0.0,0.2,0.3,0.2,11.8
1076,SC,979,"Shrimps or Prawns, cooked",Shrimps (farmed),0.2,2.5,8.4,0.0,0.2,0.3,0.2,11.8
1077,SC,1220,"Shrimps or Prawns, parboiled",Shrimps (farmed),0.2,2.5,8.4,0.0,0.2,0.3,0.2,11.8
1078,WC,-,"Shrimps, Common, see Shrimps or Prawns",Shrimps (farmed),0.2,2.5,8.4,0.0,0.2,0.3,0.2,11.8
1079,WC,-,"Slipper lobster, see Lobsters",Shrimps (farmed),0.2,2.5,8.4,0.0,0.2,0.3,0.2,11.8
1080,WC,-,"Spiny lobster, see Lobsters",Shrimps (farmed),0.2,2.5,8.4,0.0,0.2,0.3,0.2,11.8
1081,SB,718,CupuaÃ§u,Barley (Beer),0.0,0.0,0.2,0.1,0.0,0.5,0.3,1.1
1082,SB,719,Guarana,Barley (Beer),0.0,0.0,0.2,0.1,0.0,0.5,0.3,1.1
1083,SB,-,"Kola, see Cola nuts",Barley (Beer),0.0,0.0,0.2,0.1,0.0,0.5,0.3,1.1
1084,SB,91,Seed for beverages,Barley (Beer),0.0,0.0,0.2,0.1,0.0,0.5,0.3,1.1
1085,GS,658,"Sorgo or Sorghum, Sweet",Cassava,0.6,0.0,0.2,0.0,0.1,0.0,0.0,0.9
1086,GS,659,Sugar cane,Cassava,0.6,0.0,0.2,0.0,0.1,0.0,0.0,0.9
